id,pred,true,latency_ms,cpu_percent,mem_percent,accuracy_cumulative,timestamp
,normal,normal,23.212194442749023,40.7,76.6,1.0,1758113103.7257931
,normal,normal,16.291141510009766,26.9,78.3,1.0,1758113104.734507
,stage 2 failure,normal,15.73801040649414,28.1,78.9,0.6666666666666666,1758113105.7447848
,normal,rolling element failure,16.359806060791016,25.5,78.9,0.5,1758113106.7606
,normal,suspect,17.14015007019043,26.2,79.5,0.4,1758113107.7743602
,normal,normal,15.399932861328125,24.7,79.4,0.5,1758113108.782964
,stage 2 failure,suspect,16.569852828979492,25.1,79.7,0.42857142857142855,1758113109.7969332
,imminent failure,rolling element failure,15.857934951782227,27.5,79.8,0.375,1758113110.815695
,normal,suspect,15.951156616210938,27.7,79.7,0.3333333333333333,1758113111.8288908
,normal,normal,15.896797180175781,28.4,79.8,0.4,1758113112.841953
,stage 2 failure,normal,14.16778564453125,30.3,79.7,0.36363636363636365,1758113113.852584
,imminent failure,rolling element failure,15.667915344238281,28.9,79.6,0.3333333333333333,1758113114.8685582
,normal,normal,14.628887176513672,26.9,79.6,0.38461538461538464,1758113115.87741
,normal,normal,15.498876571655273,26.2,79.6,0.42857142857142855,1758113116.89595
,stage 2 failure,normal,14.333248138427734,28.5,79.6,0.4,1758113117.911316
,normal,normal,15.140771865844727,25.2,79.6,0.4375,1758113118.923562
,imminent failure,suspect,15.027999877929688,27.3,79.6,0.4117647058823529,1758113119.937334
,normal,suspect,14.688968658447266,26.8,79.6,0.3888888888888889,1758113120.9489658
,imminent failure,suspect,14.255046844482422,26.2,79.6,0.3684210526315789,1758113121.9615932
,imminent failure,stage 2 failure,14.796018600463867,27.9,79.6,0.35,1758113122.9773
,normal,suspect,14.302968978881836,37.9,79.5,0.3333333333333333,1758113123.989524
,normal,early,16.44301414489746,37.8,79.3,0.3181818181818182,1758113125.0038998
,stage 2 failure,early,16.0830020904541,74.3,79.2,0.30434782608695654,1758113126.0204659
,normal,normal,17.70305633544922,47.4,78.8,0.3333333333333333,1758113127.031724
,normal,suspect,15.639066696166992,32.8,78.4,0.32,1758113128.0391219
,normal,normal,15.47384262084961,35.3,78.2,0.34615384615384615,1758113129.0531929
,stage 2 failure,normal,13.988971710205078,35.7,78.3,0.3333333333333333,1758113130.0659132
,imminent failure,rolling element failure,16.06607437133789,33.4,78.3,0.32142857142857145,1758113131.080703
,normal,normal,15.9149169921875,37.9,78.3,0.3448275862068966,1758113132.098006
,normal,normal,14.36305046081543,36.2,78.3,0.36666666666666664,1758113133.1141279
,stage 2 failure,normal,18.059968948364258,31.9,78.2,0.3548387096774194,1758113134.126703
,early,suspect,14.91999626159668,33.7,78.2,0.34375,1758113135.136281
,normal,suspect,14.248847961425781,34.0,78.1,0.3333333333333333,1758113136.152395
,normal,normal,13.815879821777344,33.1,78.2,0.35294117647058826,1758113137.1650891
,stage 2 failure,suspect,14.485836029052734,34.5,78.2,0.34285714285714286,1758113138.1800508
,imminent failure,stage 2 failure,15.659570693969727,34.4,78.2,0.3333333333333333,1758113139.1959429
,normal,suspect,14.200210571289062,35.3,78.4,0.32432432432432434,1758113140.209297
,normal,early,17.81296730041504,35.1,77.0,0.3157894736842105,1758113141.2242339
,stage 2 failure,early,16.433000564575195,42.4,77.1,0.3076923076923077,1758113142.235733
,normal,normal,15.433788299560547,35.3,77.2,0.325,1758113143.249151
,normal,suspect,15.871047973632812,38.0,77.2,0.3170731707317073,1758113144.260746
,normal,early,17.37809181213379,39.7,77.2,0.30952380952380953,1758113145.2773068
,stage 2 failure,early,29.174089431762695,36.5,77.4,0.3023255813953488,1758113146.308485
,normal,normal,16.21723175048828,57.2,77.7,0.3181818181818182,1758113147.3064342
,normal,suspect,17.308950424194336,39.5,77.6,0.3111111111111111,1758113148.315472
,normal,early,15.630006790161133,35.4,78.2,0.30434782608695654,1758113149.340878
,stage 2 failure,early,16.232967376708984,38.4,78.5,0.2978723404255319,1758113150.356052
,normal,normal,16.305208206176758,33.5,78.7,0.3125,1758113151.372587
,normal,suspect,16.04604721069336,57.4,78.7,0.30612244897959184,1758113152.384706
,normal,normal,49.00407791137695,58.2,81.4,0.32,1758113153.490881
,imminent failure,suspect,45.14622688293457,58.0,81.7,0.3137254901960784,1758113154.4574301
,imminent failure,stage 2 failure,18.214941024780273,50.7,81.6,0.3076923076923077,1758113155.441995
,normal,suspect,21.48580551147461,48.9,81.6,0.3018867924528302,1758113156.456984
,normal,normal,17.555952072143555,50.4,81.7,0.3148148148148148,1758113157.467723
,stage 2 failure,normal,16.805171966552734,46.5,81.5,0.3090909090909091,1758113158.482101
,stage 2 failure,rolling element failure,14.84990119934082,43.3,81.0,0.30357142857142855,1758113159.494783
,normal,normal,16.216278076171875,43.0,81.2,0.3157894736842105,1758113160.509601
,normal,normal,16.635894775390625,43.2,81.4,0.3275862068965517,1758113161.522513
,stage 2 failure,normal,15.434980392456055,43.7,81.3,0.3220338983050847,1758113162.539671
,normal,normal,17.001867294311523,47.8,81.5,0.3333333333333333,1758113163.5623271
,normal,normal,14.369964599609375,45.2,81.4,0.3442622950819672,1758113164.567947
,normal,normal,19.5767879486084,45.5,81.3,0.3548387096774194,1758113165.587483
,stage 2 failure,normal,16.33596420288086,70.3,80.8,0.3492063492063492,1758113166.600375
,normal,suspect,470.81899642944336,55.0,80.5,0.34375,1758113168.064835
,normal,suspect,15.331029891967773,43.6,80.4,0.3384615384615385,1758113168.623777
,normal,normal,17.80080795288086,43.5,80.3,0.3484848484848485,1758113169.642001
,stage 2 failure,suspect,16.358137130737305,43.4,80.2,0.34328358208955223,1758113170.652054
,imminent failure,rolling element failure,15.749931335449219,44.7,80.2,0.3382352941176471,1758113171.670145
,normal,normal,15.611886978149414,46.3,81.3,0.34782608695652173,1758113172.685212
,normal,normal,16.725778579711914,50.3,81.6,0.35714285714285715,1758113173.700385
,stage 2 failure,normal,14.980077743530273,45.6,81.5,0.352112676056338,1758113174.708135
,normal,rolling element failure,17.435073852539062,47.1,81.8,0.3472222222222222,1758113175.736076
,normal,normal,15.36107063293457,44.3,81.5,0.3561643835616438,1758113176.749432
,normal,normal,15.743017196655273,43.9,81.0,0.36486486486486486,1758113177.7667892
,imminent failure,normal,14.522075653076172,42.9,80.8,0.36,1758113178.7784162
,normal,suspect,15.824079513549805,42.4,81.3,0.35526315789473684,1758113179.790087
,normal,suspect,15.783071517944336,44.3,81.6,0.35064935064935066,1758113180.8006248
,normal,normal,20.081043243408203,45.2,81.6,0.358974358974359,1758113181.818366
,stage 2 failure,normal,15.424728393554688,44.5,81.6,0.35443037974683544,1758113182.824627
,inner race failure,rolling element failure,17.146825790405273,46.0,81.4,0.35,1758113183.839603
,normal,normal,15.923023223876953,58.9,81.3,0.35802469135802467,1758113184.870718
,normal,normal,16.48712158203125,55.3,81.2,0.36585365853658536,1758113185.8703208
,stage 2 failure,normal,16.277074813842773,47.8,81.7,0.3614457831325301,1758113186.8958468
,normal,normal,19.590139389038086,52.6,81.0,0.36904761904761907,1758113187.923081
,normal,suspect,18.241167068481445,60.8,82.8,0.36470588235294116,1758113188.950134
,normal,normal,17.39501953125,65.3,81.4,0.37209302325581395,1758113189.9514308
,stage 2 failure,normal,19.617080688476562,49.1,81.5,0.367816091954023,1758113190.9655821
,stage 2 failure,rolling element failure,43.721914291381836,54.5,81.6,0.36363636363636365,1758113192.0110168
,normal,suspect,13.837814331054688,49.0,81.7,0.3595505617977528,1758113192.997897
,normal,normal,27.467012405395508,48.4,81.6,0.36666666666666664,1758113194.0263412
,stage 2 failure,normal,37.93001174926758,63.1,81.3,0.3626373626373626,1758113195.075052
,imminent failure,rolling element failure,30.378103256225586,62.5,81.7,0.358695652173913,1758113196.0810418
,normal,normal,23.667097091674805,41.7,76.0,0.3655913978494624,1758113197.081265
,normal,normal,29.536008834838867,49.7,76.7,0.3723404255319149,1758113198.0973718
,stage 2 failure,normal,16.421794891357422,47.8,77.6,0.3684210526315789,1758113199.098874
,early,normal,25.57516098022461,53.6,78.3,0.3645833333333333,1758113200.121706
,normal,normal,26.177167892456055,45.8,79.2,0.3711340206185567,1758113201.138932
,normal,normal,26.87215805053711,33.9,79.2,0.37755102040816324,1758113202.1556952
,stage 2 failure,normal,23.936986923217773,29.9,80.7,0.37373737373737376,1758113203.17564
,normal,suspect,32.72414207458496,28.9,80.0,0.37,1758113204.186025
,normal,suspect,28.048992156982422,43.6,79.8,0.36633663366336633,1758113205.2018392
,normal,normal,20.260095596313477,25.4,79.8,0.37254901960784315,1758113206.206774
,imminent failure,suspect,22.060155868530273,23.7,79.7,0.36893203883495146,1758113207.221764
,imminent failure,stage 2 failure,31.441926956176758,26.3,79.8,0.36538461538461536,1758113208.2398238
,normal,suspect,16.87788963317871,24.1,80.0,0.3619047619047619,1758113209.2395809
,normal,early,27.18210220336914,26.6,80.1,0.3584905660377358,1758113210.2656798
,stage 2 failure,early,27.812719345092773,39.7,80.3,0.35514018691588783,1758113211.278811
,normal,normal,27.10127830505371,35.1,80.6,0.3611111111111111,1758113212.294245
,normal,suspect,27.280092239379883,36.4,80.5,0.3577981651376147,1758113213.311327
,normal,suspect,18.404006958007812,56.8,80.4,0.35454545454545455,1758113214.323648
,inner race failure,suspect,25.068998336791992,53.0,80.2,0.35135135135135137,1758113215.3376482
,imminent failure,stage 2 failure,27.146100997924805,35.3,80.2,0.3482142857142857,1758113216.351279
,normal,normal,28.285741806030273,32.0,80.2,0.35398230088495575,1758113217.368278
,normal,normal,26.074886322021484,38.7,80.2,0.35964912280701755,1758113218.376825
,stage 2 failure,normal,25.20585060119629,34.4,79.9,0.3565217391304348,1758113219.391098
,normal,suspect,28.512001037597656,34.4,79.8,0.35344827586206895,1758113220.407478
,normal,normal,26.578187942504883,35.4,79.8,0.358974358974359,1758113221.421231
,normal,normal,22.186994552612305,32.1,79.7,0.3644067796610169,1758113222.425904
,stage 2 failure,normal,19.425153732299805,36.4,79.6,0.36134453781512604,1758113223.438518
,normal,normal,27.118921279907227,35.1,79.4,0.36666666666666664,1758113224.454515
,normal,suspect,24.541854858398438,38.9,79.3,0.36363636363636365,1758113225.467617
,normal,early,30.98011016845703,42.9,79.4,0.36065573770491804,1758113226.4827929
,stage 2 failure,early,26.840925216674805,34.5,79.3,0.35772357723577236,1758113227.494339
,normal,normal,27.82893180847168,34.1,79.1,0.3629032258064516,1758113228.507244
,normal,normal,22.873878479003906,35.6,79.0,0.368,1758113229.520902
,normal,normal,22.716999053955078,35.0,79.0,0.373015873015873,1758113230.530894
,stage 2 failure,normal,25.57992935180664,35.3,78.9,0.3700787401574803,1758113231.54712
,normal,rolling element failure,27.01711654663086,37.9,78.8,0.3671875,1758113232.5616379
,normal,normal,17.142057418823242,34.1,78.7,0.37209302325581395,1758113233.565527
,normal,normal,21.59428596496582,34.4,78.5,0.3769230769230769,1758113234.581833
,stage 2 failure,normal,24.386882781982422,34.7,78.5,0.37404580152671757,1758113235.5945961
,normal,suspect,23.070812225341797,37.0,78.4,0.3712121212121212,1758113236.604465
,normal,normal,17.12203025817871,35.1,78.3,0.37593984962406013,1758113237.609576
,normal,normal,17.98391342163086,36.1,78.2,0.3805970149253731,1758113238.627754
,stage 2 failure,normal,20.10965347290039,34.2,78.1,0.37777777777777777,1758113239.642733
,normal,normal,25.913715362548828,37.6,78.0,0.38235294117647056,1758113240.6651871
,normal,normal,30.0447940826416,34.9,77.9,0.38686131386861317,1758113241.68203
,normal,normal,24.904251098632812,35.9,77.8,0.391304347826087,1758113242.690194
,stage 2 failure,normal,29.40678596496582,36.6,77.7,0.38848920863309355,1758113243.705067
,normal,normal,16.5102481842041,37.9,77.6,0.39285714285714285,1758113244.707646
,normal,suspect,14.482975006103516,35.7,77.5,0.3900709219858156,1758113245.7187352
,normal,normal,28.08666229248047,38.6,77.4,0.39436619718309857,1758113246.744992
,stage 2 failure,normal,15.13814926147461,43.0,77.3,0.3916083916083916,1758113247.746327
,stage 2 failure,rolling element failure,26.46613121032715,50.0,75.5,0.3888888888888889,1758113248.774265
,normal,normal,30.505895614624023,34.4,75.6,0.3931034482758621,1758113249.785316
,normal,normal,29.20389175415039,35.6,75.6,0.3972602739726027,1758113250.816271
,stage 2 failure,normal,25.995969772338867,34.3,75.6,0.3945578231292517,1758113251.824343
,normal,suspect,18.321990966796875,35.8,75.6,0.3918918918918919,1758113252.832631
,normal,suspect,26.636123657226562,35.4,75.7,0.38926174496644295,1758113253.854722
,normal,normal,25.760889053344727,35.7,75.7,0.3933333333333333,1758113254.869966
,stage 2 failure,normal,23.96702766418457,32.9,75.6,0.39072847682119205,1758113255.881241
,inner race failure,rolling element failure,22.567033767700195,33.1,75.6,0.3881578947368421,1758113256.895264
,normal,suspect,20.53213119506836,32.7,75.7,0.38562091503267976,1758113257.904799
,normal,early,17.607927322387695,35.4,75.7,0.38311688311688313,1758113258.916884
,stage 2 failure,early,30.817031860351562,33.4,75.7,0.38064516129032255,1758113259.943664
,normal,normal,20.378828048706055,33.4,75.7,0.38461538461538464,1758113260.946888
,normal,suspect,14.633893966674805,33.0,75.8,0.3821656050955414,1758113261.95475
,normal,normal,23.289918899536133,33.9,75.9,0.3860759493670886,1758113262.9768891
,stage 2 failure,suspect,20.57194709777832,32.8,75.9,0.3836477987421384,1758113263.9900448
,stage 2 failure,stage 2 failure,16.793012619018555,35.3,75.9,0.3875,1758113264.997264
,normal,normal,27.17304229736328,37.4,75.9,0.391304347826087,1758113266.022995
,normal,normal,37.13369369506836,55.7,76.2,0.3950617283950617,1758113267.064401
,stage 2 failure,normal,25.84695816040039,36.4,76.6,0.39263803680981596,1758113268.0575821
,normal,normal,15.938997268676758,36.9,76.6,0.39634146341463417,1758113269.059378
,normal,normal,25.55704116821289,32.8,76.8,0.4,1758113270.081126
,normal,normal,21.80194854736328,36.5,76.7,0.4036144578313253,1758113271.094987
,stage 2 failure,normal,23.62227439880371,51.0,76.7,0.40119760479041916,1758113272.1039932
,normal,rolling element failure,27.051925659179688,44.7,76.7,0.39880952380952384,1758113273.125813
,normal,normal,20.435094833374023,39.0,76.3,0.40236686390532544,1758113274.139288
,normal,normal,33.68210792541504,37.6,76.3,0.40588235294117647,1758113275.162158
,stage 2 failure,normal,20.207881927490234,33.3,76.4,0.40350877192982454,1758113276.157939
,normal,suspect,25.417804718017578,33.9,76.1,0.4011627906976744,1758113277.167933
,normal,early,22.692203521728516,34.0,76.1,0.3988439306358382,1758113278.1805482
,normal,early,25.014162063598633,35.0,76.1,0.39655172413793105,1758113279.1978939
,normal,early,14.396905899047852,32.9,76.1,0.3942857142857143,1758113280.201576
,normal,early,23.33688735961914,33.1,76.1,0.39204545454545453,1758113281.2245781
,normal,suspect,14.621973037719727,33.7,76.1,0.3898305084745763,1758113282.230585
,normal,suspect,26.413917541503906,34.3,76.4,0.38764044943820225,1758113283.2522502
,rolling element failure,suspect,26.699066162109375,34.2,76.4,0.3854748603351955,1758113284.265507
,imminent failure,stage 2 failure,30.92670440673828,38.4,76.1,0.38333333333333336,1758113285.280689
,normal,normal,17.067909240722656,36.8,76.1,0.3867403314917127,1758113286.2779038
,normal,normal,18.49985122680664,43.1,76.2,0.3901098901098901,1758113287.2932322
,stage 2 failure,normal,18.88895034790039,44.2,76.3,0.3879781420765027,1758113288.309558
,normal,normal,28.501033782958984,37.1,76.1,0.391304347826087,1758113289.334037
,normal,suspect,18.527984619140625,35.1,76.1,0.3891891891891892,1758113290.340584
,normal,normal,22.77994155883789,36.5,76.4,0.3924731182795699,1758113291.356812
,inner race failure,suspect,27.016162872314453,37.9,76.2,0.39037433155080214,1758113292.3747299
,imminent failure,stage 2 failure,33.44583511352539,38.7,76.2,0.3882978723404255,1758113293.396857
,normal,normal,25.526046752929688,36.3,76.1,0.3915343915343915,1758113294.402354
,normal,normal,22.131919860839844,35.2,76.1,0.39473684210526316,1758113295.419349
,stage 2 failure,normal,20.01023292541504,38.5,76.4,0.39267015706806285,1758113296.419306
,normal,suspect,30.241012573242188,58.6,76.4,0.390625,1758113297.442612
,normal,normal,26.82328224182129,36.5,76.5,0.39378238341968913,1758113298.45193
,normal,normal,26.640892028808594,34.8,76.5,0.39690721649484534,1758113299.467116
,stage 2 failure,normal,24.27983283996582,30.4,76.6,0.39487179487179486,1758113300.481291
,normal,normal,31.05306625366211,32.0,78.5,0.3979591836734694,1758113301.4977121
,normal,normal,29.029130935668945,24.0,79.0,0.4010152284263959,1758113302.508946
,normal,normal,25.697946548461914,25.1,79.5,0.40404040404040403,1758113303.515305
,stage 2 failure,normal,31.195878982543945,27.8,79.7,0.4020100502512563,1758113304.537447
,normal,suspect,34.76691246032715,23.9,79.8,0.4,1758113305.555191
,normal,suspect,35.65692901611328,25.7,79.0,0.39800995024875624,1758113306.5671191
,normal,normal,27.467012405395508,24.7,79.5,0.400990099009901,1758113307.570593
,imminent failure,normal,30.324935913085938,28.4,79.8,0.39901477832512317,1758113308.589694
,stage 2 failure,rolling element failure,17.241239547729492,34.6,79.9,0.39705882352941174,1758113309.58946
,normal,normal,29.75320816040039,41.1,79.9,0.4,1758113310.6150122
,normal,normal,35.07208824157715,44.3,79.9,0.4029126213592233,1758113311.644675
,stage 2 failure,normal,30.958890914916992,64.0,79.5,0.40096618357487923,1758113312.644902
,normal,normal,21.719932556152344,39.1,79.6,0.40384615384615385,1758113313.656323
,normal,suspect,31.663179397583008,41.3,79.4,0.4019138755980861,1758113314.673561
,normal,normal,25.304079055786133,41.7,79.6,0.40476190476190477,1758113315.6837142
,stage 2 failure,suspect,21.72684669494629,34.9,79.7,0.4028436018957346,1758113316.696347
,imminent failure,stage 2 failure,29.447078704833984,35.7,79.5,0.4009433962264151,1758113317.717058
,imminent failure,suspect,17.30203628540039,36.7,79.4,0.39906103286384975,1758113318.717438
,normal,normal,29.040098190307617,33.0,79.4,0.40186915887850466,1758113319.74307
,stage 2 failure,normal,24.8410701751709,33.6,79.4,0.4,1758113320.7547882
,rolling element failure,rolling element failure,30.20477294921875,33.7,79.4,0.4027777777777778,1758113321.7728992
,normal,normal,17.4100399017334,36.5,79.4,0.4055299539170507,1758113322.779626
,normal,normal,15.993118286132812,35.3,79.4,0.40825688073394495,1758113323.781996
,stage 2 failure,normal,20.209789276123047,36.8,79.4,0.4063926940639269,1758113324.812973
,normal,suspect,22.748947143554688,35.2,79.4,0.40454545454545454,1758113325.8194911
,normal,normal,24.40500259399414,51.8,79.5,0.4072398190045249,1758113326.8354828
,normal,normal,29.4950008392334,40.8,79.4,0.4099099099099099,1758113327.853299
,stage 2 failure,normal,28.084993362426758,36.4,79.4,0.4080717488789238,1758113328.8695738
,normal,normal,14.949798583984375,33.9,79.4,0.4107142857142857,1758113329.868164
,normal,normal,16.59417152404785,33.7,79.4,0.41333333333333333,1758113330.885503
,normal,normal,19.269227981567383,36.6,79.4,0.415929203539823,1758113331.903487
,stage 2 failure,normal,36.0109806060791,37.3,79.4,0.41409691629955947,1758113332.929193
,normal,suspect,22.00913429260254,34.1,79.4,0.41228070175438597,1758113333.929868
,normal,normal,26.376008987426758,35.9,79.3,0.4148471615720524,1758113334.951177
,normal,normal,23.92292022705078,35.6,79.4,0.41739130434782606,1758113335.960274
,stage 2 failure,normal,23.55813980102539,37.9,79.4,0.4155844155844156,1758113336.97294
,normal,normal,25.57992935180664,39.6,79.3,0.41810344827586204,1758113337.9851909
,normal,normal,23.057937622070312,36.9,79.4,0.4206008583690987,1758113338.999659
,normal,normal,26.03292465209961,37.2,79.4,0.4230769230769231,1758113340.013429
,stage 2 failure,normal,30.564069747924805,36.1,79.3,0.42127659574468085,1758113341.03122
,normal,suspect,25.378704071044922,37.2,79.4,0.4194915254237288,1758113342.03964
,normal,early,23.36287498474121,36.0,79.3,0.4177215189873418,1758113343.053741
,normal,early,28.964996337890625,33.3,79.2,0.41596638655462187,1758113344.073633
,normal,early,16.702890396118164,41.3,78.9,0.41422594142259417,1758113345.074854
,normal,early,15.861988067626953,39.2,78.7,0.4125,1758113346.0898392
,normal,suspect,18.213272094726562,39.6,78.8,0.4107883817427386,1758113347.0988429
,normal,suspect,24.064064025878906,42.2,78.9,0.4090909090909091,1758113348.124639
,imminent failure,suspect,25.41208267211914,40.0,78.8,0.4074074074074074,1758113349.135372
,imminent failure,stage 2 failure,31.32796287536621,37.7,78.8,0.4057377049180328,1758113350.1552489
,normal,normal,24.7652530670166,35.5,78.8,0.40816326530612246,1758113351.157016
,normal,normal,19.730806350708008,34.9,78.8,0.4105691056910569,1758113352.180576
,stage 2 failure,normal,20.266056060791016,39.7,78.8,0.4089068825910931,1758113353.1947021
,normal,suspect,25.94304084777832,33.7,78.8,0.40725806451612906,1758113354.213561
,normal,normal,23.469209671020508,36.0,78.7,0.40963855421686746,1758113355.224592
,normal,normal,24.320125579833984,34.0,78.5,0.412,1758113356.238915
,stage 2 failure,normal,21.353960037231445,61.0,78.8,0.4103585657370518,1758113357.250664
,normal,suspect,30.767202377319336,37.6,78.8,0.4087301587301587,1758113358.274504
,normal,suspect,28.43022346496582,38.5,78.9,0.40711462450592883,1758113359.288821
,normal,normal,28.126001358032227,35.6,78.8,0.4094488188976378,1758113360.302488
,stage 2 failure,normal,27.27794647216797,35.6,78.9,0.40784313725490196,1758113361.31709
,imminent failure,rolling element failure,18.059968948364258,38.7,78.9,0.40625,1758113362.320992
,normal,normal,26.323318481445312,41.6,79.1,0.4085603112840467,1758113363.344251
,normal,normal,28.92899513244629,42.0,79.0,0.4108527131782946,1758113364.357619
,stage 2 failure,normal,21.79718017578125,45.3,78.9,0.4092664092664093,1758113365.3652182
,normal,normal,24.115800857543945,44.4,78.9,0.4115384615384615,1758113366.384171
,normal,normal,28.036832809448242,62.8,78.8,0.41379310344827586,1758113367.4030468
,normal,normal,21.608829498291016,46.0,79.0,0.41603053435114506,1758113368.409513
,stage 2 failure,normal,25.335073471069336,39.6,78.9,0.4144486692015209,1758113369.4276018
,normal,normal,29.63089942932129,40.7,78.7,0.4166666666666667,1758113370.445743
,normal,early,23.284196853637695,36.1,78.8,0.41509433962264153,1758113371.452929
,normal,early,31.48818016052246,56.4,78.9,0.41353383458646614,1758113372.475878
,stage 2 failure,early,26.792049407958984,42.7,78.8,0.41198501872659177,1758113373.48524
,normal,early,28.45907211303711,35.1,78.7,0.41044776119402987,1758113374.500258
,normal,suspect,30.6241512298584,34.0,78.8,0.40892193308550184,1758113375.516983
,normal,suspect,20.709753036499023,34.3,78.9,0.4074074074074074,1758113376.5178518
,imminent failure,suspect,29.201030731201172,33.8,78.9,0.4059040590405904,1758113377.540669
,imminent failure,stage 2 failure,20.254135131835938,34.6,78.9,0.40441176470588236,1758113378.544427
,imminent failure,suspect,19.542217254638672,38.4,78.9,0.40293040293040294,1758113379.558892
,normal,early,30.0750732421875,37.2,79.1,0.40145985401459855,1758113380.584801
,stage 2 failure,early,15.078306198120117,34.1,79.0,0.4,1758113381.583786
,normal,early,19.849777221679688,43.9,79.0,0.39855072463768115,1758113382.604961
,normal,suspect,28.792142868041992,43.9,79.0,0.3971119133574007,1758113383.628695
,normal,early,21.747350692749023,45.3,78.9,0.39568345323741005,1758113384.633309
,stage 2 failure,early,16.434192657470703,45.7,78.8,0.3942652329749104,1758113385.645663
,normal,normal,15.071868896484375,44.6,78.8,0.3964285714285714,1758113386.664194
,normal,normal,30.828237533569336,44.7,78.8,0.398576512455516,1758113387.6913211
,normal,normal,26.237010955810547,41.5,79.0,0.40070921985815605,1758113388.6999419
,stage 2 failure,normal,25.06089210510254,40.4,78.9,0.3992932862190813,1758113389.715167
,normal,suspect,22.745847702026367,37.7,78.8,0.397887323943662,1758113390.727097
,normal,suspect,29.517173767089844,36.6,78.8,0.39649122807017545,1758113391.74953
,normal,normal,22.650957107543945,36.0,78.8,0.3986013986013986,1758113392.758204
,imminent failure,suspect,16.389846801757812,38.2,78.9,0.397212543554007,1758113393.7652302
,imminent failure,stage 2 failure,29.092788696289062,34.7,78.9,0.3958333333333333,1758113394.791847
,normal,suspect,32.26804733276367,65.2,78.8,0.3944636678200692,1758113395.8108659
,normal,early,18.97883415222168,45.5,78.8,0.3931034482758621,1758113396.81117
,stage 2 failure,early,28.638839721679688,45.1,78.8,0.3917525773195876,1758113397.837307
,normal,normal,21.70872688293457,37.1,78.9,0.3938356164383562,1758113398.842973
,normal,suspect,25.656938552856445,32.1,79.0,0.3924914675767918,1758113399.864171
,normal,normal,22.921085357666016,28.9,79.7,0.3945578231292517,1758113400.8748002
,stage 2 failure,normal,22.996902465820312,30.0,79.6,0.39322033898305087,1758113401.887705
,inner race failure,rolling element failure,26.29685401916504,23.0,79.8,0.3918918918918919,1758113402.900518
,normal,normal,29.59418296813965,33.0,80.0,0.3939393939393939,1758113403.9200242
,normal,normal,27.842998504638672,32.5,80.1,0.3959731543624161,1758113404.930316
,stage 2 failure,normal,22.68385887145996,32.7,80.4,0.39464882943143814,1758113405.9422688
,normal,suspect,17.271041870117188,33.7,80.8,0.3933333333333333,1758113406.9517639
,normal,normal,34.301042556762695,43.5,80.4,0.3953488372093023,1758113407.983676
,normal,normal,22.640228271484375,42.5,80.4,0.3973509933774834,1758113408.985017
,stage 2 failure,normal,31.692028045654297,47.6,80.4,0.39603960396039606,1758113410.031608
,normal,normal,25.045156478881836,60.6,80.3,0.3980263157894737,1758113411.015937
,normal,suspect,24.82295036315918,36.4,80.2,0.39672131147540984,1758113412.030525
,normal,normal,26.30925178527832,34.8,80.2,0.39869281045751637,1758113413.044657
,stage 2 failure,normal,28.697967529296875,36.0,80.2,0.3973941368078176,1758113414.0655448
,normal,rolling element failure,15.753984451293945,40.0,80.1,0.3961038961038961,1758113415.06614
,normal,suspect,23.723125457763672,36.2,80.0,0.3948220064724919,1758113416.090561
,normal,normal,21.026134490966797,32.8,79.9,0.3967741935483871,1758113417.098897
,stage 2 failure,suspect,26.890993118286133,34.1,79.8,0.3954983922829582,1758113418.1200671
,imminent failure,stage 2 failure,25.918960571289062,34.3,80.0,0.3942307692307692,1758113419.133875
,normal,suspect,22.821664810180664,36.2,79.8,0.3929712460063898,1758113420.1467478
,normal,normal,32.45091438293457,39.9,79.7,0.39490445859872614,1758113421.172653
,stage 2 failure,normal,29.98805046081543,42.2,79.6,0.39365079365079364,1758113422.180474
,imminent failure,rolling element failure,32.874107360839844,36.8,79.2,0.3924050632911392,1758113423.196365
,normal,suspect,22.983074188232422,34.4,79.1,0.3911671924290221,1758113424.1990132
,normal,normal,29.457807540893555,45.1,79.1,0.39308176100628933,1758113425.2205539
,stage 2 failure,normal,28.676271438598633,47.9,79.1,0.39184952978056425,1758113426.237428
,normal,normal,31.369924545288086,42.0,79.2,0.39375,1758113427.245334
,normal,imminent failure,28.831958770751953,38.3,78.8,0.3925233644859813,1758113428.258312
,normal,suspect,29.731035232543945,43.5,78.7,0.391304347826087,1758113429.269661
,imminent failure,suspect,30.54976463317871,46.3,78.6,0.39009287925696595,1758113430.283394
,imminent failure,stage 2 failure,27.44126319885254,45.9,78.6,0.3888888888888889,1758113431.294265
,normal,suspect,30.12394905090332,43.7,78.5,0.38769230769230767,1758113432.3137438
,normal,early,28.681039810180664,39.8,78.4,0.38650306748466257,1758113433.3267531
,stage 2 failure,early,31.22687339782715,42.2,78.2,0.3853211009174312,1758113434.34302
,normal,normal,20.774126052856445,45.5,78.1,0.3871951219512195,1758113435.3440351
,normal,normal,14.20903205871582,47.3,78.2,0.3890577507598784,1758113436.3513658
,normal,normal,29.27112579345703,44.6,78.3,0.39090909090909093,1758113437.37409
,stage 2 failure,normal,31.26692771911621,39.2,78.3,0.38972809667673713,1758113438.389836
,normal,normal,22.28999137878418,40.6,79.1,0.39156626506024095,1758113439.394083
,normal,suspect,17.520904541015625,58.4,79.0,0.39039039039039036,1758113440.402553
,normal,early,31.200885772705078,41.1,78.9,0.38922155688622756,1758113441.430909
,stage 2 failure,early,27.96792984008789,42.8,78.8,0.3880597014925373,1758113442.440636
,normal,normal,29.33788299560547,41.4,78.7,0.3898809523809524,1758113443.4556422
,imminent failure,suspect,19.420146942138672,43.0,78.6,0.3887240356083086,1758113444.451741
,normal,early,26.335954666137695,46.3,78.6,0.3875739644970414,1758113445.470737
,stage 2 failure,early,20.102977752685547,39.5,78.6,0.3864306784660767,1758113446.4785202
,normal,normal,27.29201316833496,46.4,78.2,0.38823529411764707,1758113447.4998689
,normal,normal,16.783714294433594,44.6,78.1,0.39002932551319647,1758113448.5006368
,normal,normal,32.65881538391113,45.2,78.1,0.391812865497076,1758113449.528048
,stage 2 failure,normal,23.339033126831055,40.8,78.0,0.39067055393586003,1758113450.534817
,normal,normal,15.323877334594727,43.5,78.0,0.39244186046511625,1758113451.538233
,normal,suspect,25.066852569580078,41.9,78.1,0.391304347826087,1758113452.558133
,normal,suspect,15.56396484375,44.3,78.0,0.3901734104046243,1758113453.575045
,imminent failure,suspect,20.893096923828125,47.2,77.9,0.38904899135446686,1758113454.592109
,imminent failure,stage 2 failure,29.551029205322266,46.8,78.0,0.3879310344827586,1758113455.61977
,normal,suspect,23.478031158447266,44.4,77.9,0.3868194842406877,1758113456.628101
,normal,normal,27.624845504760742,40.8,77.9,0.38857142857142857,1758113457.64447
,stage 2 failure,normal,21.201372146606445,37.9,77.9,0.38746438746438744,1758113458.653125
,normal,normal,26.47995948791504,38.8,77.9,0.38920454545454547,1758113459.670296
,normal,suspect,28.504133224487305,39.4,77.9,0.3881019830028329,1758113460.686638
,normal,early,17.622947692871094,37.4,77.9,0.3870056497175141,1758113461.688204
,stage 2 failure,early,14.843940734863281,35.5,77.9,0.38591549295774646,1758113462.7003798
,normal,normal,30.690908432006836,38.8,77.9,0.38764044943820225,1758113463.729815
,normal,suspect,32.39703178405762,37.0,77.8,0.3865546218487395,1758113464.7451332
,normal,normal,23.58102798461914,34.4,77.7,0.388268156424581,1758113465.750658
,imminent failure,suspect,28.502941131591797,39.7,77.8,0.3871866295264624,1758113466.768749
,imminent failure,stage 2 failure,24.137020111083984,34.3,77.8,0.3861111111111111,1758113467.774539
,normal,suspect,29.618024826049805,37.7,77.8,0.3850415512465374,1758113468.7948759
,normal,normal,34.71064567565918,45.2,77.9,0.3867403314917127,1758113469.8465762
,imminent failure,normal,24.751901626586914,54.1,77.9,0.3856749311294766,1758113470.8264651
,normal,rolling element failure,29.3121337890625,38.2,77.9,0.38461538461538464,1758113471.8450172
,normal,normal,31.064987182617188,36.2,77.8,0.3863013698630137,1758113472.859665
,normal,normal,22.79806137084961,39.8,77.8,0.3879781420765027,1758113473.865346
,stage 2 failure,normal,26.81279182434082,35.4,77.7,0.3869209809264305,1758113474.882425
,normal,normal,20.9810733795166,36.9,77.7,0.38858695652173914,1758113475.889208
,normal,normal,22.06897735595703,33.4,77.7,0.3902439024390244,1758113476.905489
,normal,normal,30.735254287719727,33.5,77.7,0.3918918918918919,1758113477.9273741
,stage 2 failure,normal,25.076866149902344,33.3,77.8,0.3908355795148248,1758113478.933886
,normal,suspect,27.088165283203125,33.4,77.8,0.3897849462365591,1758113479.9481332
,normal,suspect,25.667905807495117,32.7,77.8,0.38873994638069703,1758113480.961447
,normal,normal,17.247915267944336,36.5,77.9,0.39037433155080214,1758113481.9640388
,stage 2 failure,normal,16.66998863220215,36.1,77.9,0.3893333333333333,1758113482.973309
,imminent failure,rolling element failure,26.321887969970703,36.5,77.9,0.3882978723404255,1758113483.9964612
,normal,suspect,20.425796508789062,34.0,77.8,0.38726790450928383,1758113485.005915
,normal,normal,21.837949752807617,34.3,77.8,0.3888888888888889,1758113486.022461
,stage 2 failure,normal,25.107860565185547,35.1,77.6,0.38786279683377306,1758113487.036424
,inner race failure,rolling element failure,17.952919006347656,50.2,77.2,0.3868421052631579,1758113488.044318
,normal,normal,23.988008499145508,35.7,77.5,0.3884514435695538,1758113489.064828
,normal,normal,14.66512680053711,39.3,77.6,0.3900523560209424,1758113490.0701282
,stage 2 failure,normal,15.523195266723633,34.9,77.6,0.38903394255874674,1758113491.080235
,normal,suspect,27.344942092895508,35.4,77.6,0.3880208333333333,1758113492.106266
,normal,suspect,29.146909713745117,38.4,77.8,0.38701298701298703,1758113493.121928
,normal,early,29.270172119140625,60.9,77.7,0.3860103626943005,1758113494.1352909
,stage 2 failure,early,21.25096321105957,36.3,77.7,0.3850129198966408,1758113495.147713
,normal,normal,31.013011932373047,37.2,77.6,0.3865979381443299,1758113496.166446
,normal,suspect,23.09393882751465,33.3,77.6,0.3856041131105398,1758113497.1726458
,normal,early,31.05902671813965,30.8,77.8,0.38461538461538464,1758113498.1962318
,stage 2 failure,early,23.020029067993164,26.2,78.1,0.3836317135549872,1758113499.204101
,normal,normal,25.109052658081055,23.1,80.2,0.3852040816326531,1758113500.220991
,normal,suspect,25.866031646728516,24.1,80.2,0.3842239185750636,1758113501.234998
,normal,normal,22.103071212768555,23.5,80.4,0.38578680203045684,1758113502.24301
,stage 2 failure,suspect,25.54607391357422,23.6,80.4,0.3848101265822785,1758113503.261211
,imminent failure,stage 2 failure,23.592233657836914,23.1,80.7,0.3838383838383838,1758113504.27013
,imminent failure,suspect,22.25184440612793,33.9,81.6,0.38287153652392947,1758113505.278422
,normal,early,25.983810424804688,25.0,81.2,0.38190954773869346,1758113506.2992551
,stage 2 failure,early,22.400856018066406,30.7,81.2,0.38095238095238093,1758113507.312334
,normal,early,20.556926727294922,38.7,81.3,0.38,1758113508.324152
,normal,suspect,28.867721557617188,38.8,81.5,0.3790523690773067,1758113509.351042
,normal,suspect,30.470848083496094,49.6,81.5,0.3781094527363184,1758113510.3588018
,imminent failure,suspect,25.97784996032715,40.8,81.5,0.3771712158808933,1758113511.3659399
,imminent failure,stage 2 failure,16.903162002563477,35.7,81.4,0.37623762376237624,1758113512.3730922
,normal,early,28.764009475708008,35.4,81.4,0.37530864197530867,1758113513.4019148
,normal,early,25.020837783813477,40.4,81.4,0.37438423645320196,1758113514.4088378
,normal,early,38.81192207336426,36.5,81.5,0.37346437346437344,1758113515.4342248
,normal,early,28.627872467041016,34.0,81.4,0.37254901960784315,1758113516.440245
,normal,normal,32.196760177612305,34.3,81.2,0.3740831295843521,1758113517.4555578
,normal,normal,15.788078308105469,34.9,81.4,0.375609756097561,1758113518.453216
,stage 2 failure,normal,15.485048294067383,32.9,81.3,0.3746958637469586,1758113519.467906
,normal,normal,28.001070022583008,54.8,81.3,0.3762135922330097,1758113520.495681
,normal,suspect,35.19797325134277,46.5,81.1,0.37530266343825663,1758113521.517735
,normal,normal,20.86615562438965,37.5,81.1,0.37681159420289856,1758113522.5140212
,imminent failure,normal,27.931928634643555,37.0,81.1,0.3759036144578313,1758113523.540149
,imminent failure,rolling element failure,27.374744415283203,40.2,81.1,0.375,1758113524.5495
,normal,normal,32.93204307556152,45.1,81.0,0.3764988009592326,1758113525.567534
,normal,normal,30.17282485961914,42.0,80.8,0.37799043062200954,1758113526.5793831
,stage 2 failure,normal,19.452810287475586,42.6,81.1,0.37708830548926014,1758113527.5791948
,normal,normal,31.553983688354492,42.9,81.0,0.37857142857142856,1758113528.604558
,normal,normal,14.175176620483398,47.7,80.9,0.38004750593824227,1758113529.601578
,normal,normal,30.658960342407227,40.2,80.7,0.3815165876777251,1758113530.6322718
,stage 2 failure,normal,20.553112030029297,34.1,80.6,0.3806146572104019,1758113531.635252
,normal,suspect,21.63100242614746,35.0,80.6,0.37971698113207547,1758113532.653398
,normal,normal,30.633926391601562,43.0,80.7,0.3811764705882353,1758113533.676468
,normal,normal,22.665023803710938,40.9,80.4,0.3826291079812207,1758113534.679753
,stage 2 failure,normal,30.853271484375,50.5,80.8,0.38173302107728335,1758113535.703191
,normal,suspect,27.143001556396484,38.8,80.8,0.3808411214953271,1758113536.713115
,imminent failure,suspect,20.308971405029297,37.9,80.7,0.37995337995337997,1758113537.7215118
,normal,suspect,29.652118682861328,37.2,80.8,0.37906976744186044,1758113538.738206
,rolling element failure,suspect,16.890764236450195,40.4,80.7,0.37819025522041766,1758113539.740072
,imminent failure,stage 2 failure,33.141136169433594,38.5,80.7,0.3773148148148148,1758113540.773511
,normal,early,28.04398536682129,40.6,80.7,0.37644341801385683,1758113541.779891
,normal,early,23.886919021606445,38.2,80.7,0.37557603686635943,1758113542.78721
,normal,early,22.37081527709961,39.9,80.8,0.37471264367816093,1758113543.799618
,normal,early,17.08507537841797,34.4,80.7,0.3738532110091743,1758113544.80778
,normal,normal,25.964975357055664,30.6,80.8,0.37528604118993136,1758113545.8338292
,normal,normal,32.611846923828125,29.9,80.8,0.3767123287671233,1758113546.8559391
,stage 2 failure,normal,33.416032791137695,29.9,80.7,0.37585421412300685,1758113547.896946
,normal,suspect,21.793127059936523,25.6,80.6,0.375,1758113548.870591
,normal,normal,27.617692947387695,27.6,80.6,0.3764172335600907,1758113549.8891819
,normal,normal,30.020952224731445,54.4,80.5,0.3778280542986425,1758113550.903082
,stage 2 failure,normal,31.656980514526367,31.7,80.5,0.37697516930022573,1758113551.9202461
,normal,normal,24.85799789428711,26.9,80.6,0.3783783783783784,1758113552.929214
,normal,normal,21.905183792114258,27.5,80.5,0.3797752808988764,1758113553.930439
,normal,normal,24.104833602905273,34.7,80.4,0.3811659192825112,1758113554.960191
,stage 2 failure,normal,24.382829666137695,30.3,80.7,0.38031319910514544,1758113555.975254
,normal,suspect,26.531696319580078,26.2,80.4,0.3794642857142857,1758113556.990252
,normal,suspect,22.883176803588867,23.5,80.4,0.37861915367483295,1758113558.0009909
,normal,normal,31.776905059814453,23.2,80.4,0.38,1758113559.02606
,stage 2 failure,normal,23.211002349853516,25.0,80.5,0.37915742793791574,1758113560.034563
,inner race failure,rolling element failure,22.876977920532227,22.7,80.5,0.37831858407079644,1758113561.045789
,normal,normal,24.80006217956543,24.0,80.5,0.37969094922737306,1758113562.060404
,normal,normal,21.214008331298828,24.1,80.5,0.381057268722467,1758113563.0622149
,stage 2 failure,normal,16.193151473999023,23.4,80.5,0.3802197802197802,1758113564.071143
,normal,suspect,27.969837188720703,27.2,80.9,0.3793859649122807,1758113565.0973709
,normal,normal,30.867815017700195,24.2,80.9,0.38074398249452956,1758113566.1149828
,normal,normal,24.16205406188965,23.5,80.7,0.38209606986899564,1758113567.1201038
,stage 2 failure,normal,22.81498908996582,23.4,80.7,0.3812636165577342,1758113568.1328452
,normal,normal,28.683900833129883,23.4,80.7,0.3826086956521739,1758113569.152592
,normal,suspect,16.145944595336914,27.2,80.6,0.38177874186550975,1758113570.153621
,normal,normal,21.867990493774414,28.6,80.6,0.38311688311688313,1758113571.176346
,imminent failure,suspect,31.115055084228516,30.9,80.5,0.38228941684665224,1758113572.1977549
,imminent failure,stage 2 failure,24.57880973815918,27.7,80.5,0.38146551724137934,1758113573.2059531
,normal,normal,21.023988723754883,25.5,80.5,0.3827956989247312,1758113574.215156
,normal,normal,20.05290985107422,25.7,80.5,0.38412017167381973,1758113575.229861
,stage 2 failure,normal,18.951892852783203,23.4,80.4,0.38329764453961457,1758113576.243778
,normal,normal,16.030073165893555,23.8,80.4,0.38461538461538464,1758113577.251976
,normal,suspect,24.43695068359375,23.2,80.4,0.3837953091684435,1758113578.276308
,normal,normal,20.081281661987305,23.7,80.4,0.3851063829787234,1758113579.287804
,stage 2 failure,normal,18.000125885009766,30.7,80.6,0.3842887473460722,1758113580.313725
,stage 2 failure,rolling element failure,25.66695213317871,44.5,80.5,0.3834745762711864,1758113581.319883
,normal,normal,28.178930282592773,24.5,80.4,0.38477801268498946,1758113582.335815
,normal,normal,21.951913833618164,24.0,80.5,0.3860759493670886,1758113583.3433442
,stage 2 failure,normal,22.43828773498535,27.3,80.5,0.38526315789473686,1758113584.354295
,normal,suspect,17.34781265258789,34.5,80.5,0.38445378151260506,1758113585.3613682
,normal,normal,16.047239303588867,26.1,80.6,0.3857442348008386,1758113586.3732102
,normal,normal,16.071081161499023,23.4,80.5,0.38702928870292885,1758113587.386346
,stage 2 failure,normal,28.671979904174805,23.3,80.5,0.3862212943632568,1758113588.415204
,normal,normal,22.516965866088867,23.8,80.5,0.3875,1758113589.419428
,normal,suspect,30.011892318725586,27.4,80.5,0.3866943866943867,1758113590.4415722
,normal,early,30.87306022644043,30.0,80.5,0.38589211618257263,1758113591.45586
,stage 2 failure,early,32.759904861450195,30.7,80.5,0.38509316770186336,1758113592.473033
,normal,normal,16.346216201782227,26.7,80.5,0.38636363636363635,1758113593.478524
,normal,suspect,23.271799087524414,26.0,80.5,0.38556701030927837,1758113594.4900851
,normal,normal,31.837940216064453,38.5,80.2,0.3868312757201646,1758113595.511015
,imminent failure,suspect,25.92921257019043,18.9,79.8,0.3860369609856263,1758113596.5186272
,imminent failure,stage 2 failure,17.427921295166016,18.9,79.9,0.38524590163934425,1758113597.525399
,normal,normal,29.504060745239258,18.6,79.9,0.38650306748466257,1758113598.5516648
,normal,normal,23.453950881958008,18.5,79.9,0.3877551020408163,1758113599.5610938
,stage 2 failure,normal,27.10723876953125,20.1,80.0,0.3869653767820774,1758113600.578274
,normal,suspect,23.903369903564453,21.2,80.2,0.3861788617886179,1758113601.5838661
,normal,normal,25.930166244506836,20.2,80.2,0.38742393509127787,1758113602.5988889
,normal,normal,32.80472755432129,22.8,80.2,0.38866396761133604,1758113603.621174
,stage 2 failure,normal,23.644208908081055,24.3,80.2,0.3878787878787879,1758113604.6254022
,normal,normal,22.14813232421875,23.6,80.3,0.38911290322580644,1758113605.637857
,normal,suspect,20.947933197021484,22.9,80.2,0.38832997987927564,1758113606.652686
,normal,suspect,22.622108459472656,23.8,80.1,0.38755020080321284,1758113607.668067
,imminent failure,suspect,22.581100463867188,23.0,80.0,0.3867735470941884,1758113608.68155
,stage 2 failure,stage 2 failure,16.10398292541504,23.2,79.9,0.388,1758113609.688132
,normal,early,23.873090744018555,45.2,80.0,0.3872255489021956,1758113610.7123709
,normal,early,21.1331844329834,32.3,79.9,0.38645418326693226,1758113611.721023
,normal,early,27.01115608215332,30.6,79.8,0.3856858846918489,1758113612.740076
,normal,early,14.204025268554688,31.6,79.7,0.38492063492063494,1758113613.743392
,normal,normal,17.14181900024414,34.2,79.6,0.38613861386138615,1758113614.7612941
,normal,normal,24.97410774230957,34.4,79.6,0.38735177865612647,1758113615.784449
,stage 2 failure,normal,22.43208885192871,23.5,79.5,0.3865877712031558,1758113616.795476
,normal,suspect,16.28422737121582,24.2,79.3,0.3858267716535433,1758113617.801779
,normal,suspect,24.32990074157715,23.2,79.2,0.3850687622789784,1758113618.8267882
,normal,early,21.38495445251465,24.8,79.2,0.3843137254901961,1758113619.837884
,stage 2 failure,early,20.576000213623047,23.0,79.1,0.3835616438356164,1758113620.8486772
,normal,normal,23.40078353881836,26.1,79.1,0.384765625,1758113621.865688
,normal,normal,23.590087890625,24.3,79.1,0.38596491228070173,1758113622.8807838
,normal,normal,26.64971351623535,24.6,79.0,0.38715953307393,1758113623.895489
,stage 2 failure,normal,22.269010543823242,23.6,79.0,0.3864077669902913,1758113624.904562
,normal,rolling element failure,16.0672664642334,25.3,79.0,0.3856589147286822,1758113625.913214
,normal,normal,15.27094841003418,22.9,79.0,0.38684719535783363,1758113626.9283662
,normal,normal,17.445087432861328,23.6,79.1,0.38803088803088803,1758113627.9481442
,stage 2 failure,normal,26.5347957611084,23.3,79.0,0.3872832369942196,1758113628.9695082
,normal,normal,21.995067596435547,23.1,79.1,0.38846153846153847,1758113629.975672
,normal,suspect,19.772768020629883,24.7,79.1,0.3877159309021113,1758113630.98684
,normal,normal,20.769834518432617,27.7,79.1,0.3888888888888889,1758113632.004278
,stage 2 failure,suspect,32.079219818115234,34.8,79.0,0.3881453154875717,1758113633.029588
,imminent failure,stage 2 failure,22.582054138183594,36.0,79.0,0.38740458015267176,1758113634.036253
,normal,normal,20.303010940551758,33.2,79.0,0.38857142857142857,1758113635.0478458
,normal,normal,16.236066818237305,31.0,79.0,0.3897338403041825,1758113636.056701
,stage 2 failure,normal,25.887012481689453,30.9,79.0,0.3889943074003795,1758113637.0792
,normal,normal,13.538837432861328,29.2,79.2,0.39015151515151514,1758113638.081578
,normal,suspect,23.001909255981445,22.9,79.1,0.389413988657845,1758113639.106764
,normal,normal,24.55592155456543,24.4,79.2,0.3905660377358491,1758113640.123878
,stage 2 failure,normal,23.223876953125,37.6,79.2,0.3898305084745763,1758113641.137016
,imminent failure,rolling element failure,22.182226181030273,22.8,79.2,0.3890977443609023,1758113642.149737
,normal,normal,22.710800170898438,24.9,79.2,0.3902439024390244,1758113643.164256
,normal,normal,25.547027587890625,26.0,79.2,0.3913857677902622,1758113644.1811142
,stage 2 failure,normal,15.010595321655273,34.4,79.2,0.39065420560747666,1758113645.187359
,normal,suspect,29.880046844482422,28.0,79.3,0.38992537313432835,1758113646.214934
,normal,suspect,21.071910858154297,23.2,79.3,0.3891992551210428,1758113647.2189288
,normal,normal,22.95088768005371,23.3,79.3,0.3903345724907063,1758113648.235799
,stage 2 failure,normal,21.97885513305664,23.2,79.3,0.38961038961038963,1758113649.247731
,stage 2 failure,rolling element failure,15.934944152832031,22.9,79.3,0.3888888888888889,1758113650.257962
,normal,normal,24.557828903198242,24.8,79.3,0.3900184842883549,1758113651.276431
,normal,normal,27.84109115600586,29.1,79.3,0.39114391143911437,1758113652.294698
,stage 2 failure,normal,22.411108016967773,30.9,79.3,0.39042357274401474,1758113653.304072
,normal,suspect,16.07966423034668,28.0,79.3,0.3897058823529412,1758113654.31498
,normal,normal,17.71688461303711,33.8,79.2,0.3908256880733945,1758113655.346352
,normal,normal,27.437210083007812,45.2,79.2,0.39194139194139194,1758113656.3894389
,stage 2 failure,normal,20.566225051879883,23.4,79.2,0.3912248628884826,1758113657.3964338
,normal,normal,24.571895599365234,24.0,79.3,0.39233576642335766,1758113658.417589
,normal,normal,23.06509017944336,23.3,79.2,0.39344262295081966,1758113659.4295838
,normal,normal,14.153003692626953,23.2,79.2,0.39454545454545453,1758113660.431366
,stage 2 failure,normal,23.842811584472656,24.9,79.3,0.3938294010889292,1758113661.458522
,normal,rolling element failure,19.257068634033203,23.1,79.2,0.39311594202898553,1758113662.465882
,normal,normal,22.129058837890625,24.1,79.3,0.39421338155515373,1758113663.483773
,normal,normal,26.54290199279785,23.0,79.2,0.3953068592057762,1758113664.501836
,stage 2 failure,normal,24.48105812072754,24.8,79.1,0.3945945945945946,1758113665.51179
,normal,normal,25.141000747680664,23.2,79.1,0.39568345323741005,1758113666.529633
,normal,suspect,20.569801330566406,22.8,79.1,0.39497307001795334,1758113667.536155
,normal,early,20.686864852905273,22.8,78.9,0.3942652329749104,1758113668.550913
,stage 2 failure,early,24.25384521484375,23.2,78.9,0.3935599284436494,1758113669.568813
,normal,normal,22.894859313964844,22.9,78.9,0.39464285714285713,1758113670.5816839
,normal,normal,28.410673141479492,27.6,78.9,0.39572192513368987,1758113671.602269
,normal,normal,22.481203079223633,27.6,78.9,0.39679715302491103,1758113672.6160681
,stage 2 failure,normal,19.788742065429688,32.0,79.1,0.3960923623445826,1758113673.626515
,normal,suspect,23.637056350708008,34.4,78.9,0.3953900709219858,1758113674.6433542
,normal,suspect,24.0938663482666,36.1,79.3,0.39469026548672564,1758113675.657557
,normal,suspect,21.525859832763672,23.6,79.3,0.39399293286219084,1758113676.669803
,stage 2 failure,suspect,16.630887985229492,23.3,79.3,0.3932980599647266,1758113677.6788201
,imminent failure,stage 2 failure,26.855945587158203,24.6,79.3,0.3926056338028169,1758113678.704606
,normal,normal,20.86019515991211,24.8,79.3,0.3936731107205624,1758113679.715169
,normal,normal,24.358034133911133,23.3,79.3,0.39473684210526316,1758113680.7310688
,stage 2 failure,normal,22.529125213623047,23.3,79.3,0.39404553415061294,1758113681.74281
,normal,suspect,26.4890193939209,23.3,79.3,0.39335664335664333,1758113682.760077
,normal,normal,16.473054885864258,23.9,79.3,0.3944153577661431,1758113683.764533
,normal,normal,22.933006286621094,25.6,79.2,0.39547038327526135,1758113684.787893
,stage 2 failure,normal,21.37613296508789,47.1,79.3,0.3947826086956522,1758113685.798933
,normal,normal,22.960901260375977,28.7,79.2,0.3958333333333333,1758113686.815928
,normal,suspect,20.762205123901367,23.0,79.2,0.3951473136915078,1758113687.831439
,normal,early,23.00119400024414,23.4,79.2,0.3944636678200692,1758113688.84597
,stage 2 failure,early,16.041278839111328,22.8,79.2,0.39378238341968913,1758113689.851368
,normal,normal,15.10310173034668,23.0,79.2,0.39482758620689656,1758113690.866594
,normal,suspect,28.429031372070312,21.2,79.3,0.39414802065404475,1758113691.89438
,normal,normal,24.106979370117188,25.0,77.7,0.3951890034364261,1758113692.90328
,imminent failure,suspect,24.687767028808594,27.2,79.2,0.39451114922813035,1758113693.9191191
,imminent failure,stage 2 failure,16.19124412536621,30.5,79.3,0.3938356164383562,1758113694.924202
,normal,normal,24.6579647064209,23.7,79.3,0.39487179487179486,1758113695.9462469
,normal,normal,19.59085464477539,22.2,80.4,0.39590443686006827,1758113696.9545221
,stage 2 failure,normal,17.421722412109375,22.2,80.6,0.39522998296422485,1758113697.964851
,normal,normal,26.148080825805664,19.6,80.8,0.39625850340136054,1758113698.9886642
,normal,suspect,24.7800350189209,23.6,80.9,0.39558573853989815,1758113700.001219
,normal,normal,27.677059173583984,37.9,80.9,0.39661016949152544,1758113701.0167758
,stage 2 failure,normal,24.02782440185547,23.0,80.9,0.39593908629441626,1758113702.025861
,imminent failure,rolling element failure,31.688928604125977,24.2,80.8,0.3952702702702703,1758113703.049205
,normal,suspect,28.06711196899414,25.0,80.8,0.3946037099494098,1758113704.056672
,normal,normal,24.93000030517578,34.7,80.9,0.3956228956228956,1758113705.067497
,stage 2 failure,normal,26.521682739257812,28.8,80.9,0.3949579831932773,1758113706.084016
,stage 2 failure,rolling element failure,26.803016662597656,23.3,80.8,0.39429530201342283,1758113707.09647
,imminent failure,suspect,22.217988967895508,23.0,80.8,0.3936348408710218,1758113708.1079092
,normal,normal,26.1991024017334,23.0,80.8,0.39464882943143814,1758113709.126676
,imminent failure,normal,21.54231071472168,23.1,80.8,0.39398998330550916,1758113710.13561
,imminent failure,rolling element failure,26.7488956451416,23.3,80.8,0.3933333333333333,1758113711.154721
,normal,suspect,24.006128311157227,27.0,80.8,0.39267886855241263,1758113712.1651468
,normal,early,15.646934509277344,30.8,80.8,0.3920265780730897,1758113713.170447
,stage 2 failure,early,23.495912551879883,30.6,80.8,0.3913764510779436,1758113714.1919549
,normal,normal,23.089885711669922,29.7,80.8,0.3923841059602649,1758113715.2045598
,normal,normal,25.20442008972168,52.9,80.6,0.3933884297520661,1758113716.22115
,normal,normal,23.441076278686523,29.1,80.6,0.3943894389438944,1758113717.2347379
,stage 2 failure,normal,16.576051712036133,24.2,80.6,0.39373970345963755,1758113718.240921
,normal,normal,24.299144744873047,23.8,80.6,0.39473684210526316,1758113719.261993
,normal,normal,20.797014236450195,23.0,80.6,0.3957307060755337,1758113720.2725708
,normal,normal,27.601003646850586,23.2,80.6,0.39672131147540984,1758113721.293754
,stage 2 failure,normal,20.80988883972168,23.1,80.6,0.3960720130932897,1758113722.295688
,normal,normal,29.820919036865234,24.9,80.6,0.39705882352941174,1758113723.318194
,normal,suspect,21.277904510498047,23.0,80.6,0.3964110929853181,1758113724.3219311
,normal,normal,21.115779876708984,25.1,80.6,0.3973941368078176,1758113725.33868
,stage 2 failure,normal,20.231008529663086,23.4,80.6,0.3967479674796748,1758113726.3530061
,imminent failure,rolling element failure,14.658927917480469,23.1,80.6,0.3961038961038961,1758113727.361202
,normal,normal,20.18880844116211,23.3,80.6,0.39708265802269044,1758113728.380152
,normal,normal,23.794174194335938,22.9,80.6,0.39805825242718446,1758113729.395081
,stage 2 failure,normal,23.051023483276367,22.9,80.6,0.3974151857835218,1758113730.40673
,normal,suspect,20.776033401489258,23.0,80.6,0.3967741935483871,1758113731.4214709
,normal,suspect,16.110897064208984,27.3,80.6,0.3961352657004831,1758113732.430599
,normal,normal,26.406049728393555,30.7,80.6,0.3971061093247588,1758113733.452064
,stage 2 failure,normal,25.13909339904785,33.0,80.6,0.39646869983948635,1758113734.465568
,imminent failure,rolling element failure,24.692058563232422,38.5,80.6,0.3958333333333333,1758113735.481344
,normal,suspect,17.019987106323242,27.3,80.6,0.3952,1758113736.486045
,normal,normal,20.53689956665039,24.9,80.6,0.3961661341853035,1758113737.502388
,stage 2 failure,normal,20.015239715576172,23.3,80.6,0.39553429027113235,1758113738.517296
,stage 2 failure,rolling element failure,24.487018585205078,25.5,80.5,0.39490445859872614,1758113739.53667
,normal,normal,27.806997299194336,23.4,80.6,0.3958664546899841,1758113740.5563068
,normal,normal,24.211883544921875,23.4,80.6,0.3968253968253968,1758113741.561336
,stage 2 failure,normal,20.53380012512207,23.1,80.6,0.39619651347068147,1758113742.5708642
,normal,normal,20.566940307617188,24.1,80.6,0.3971518987341772,1758113743.5876029
,normal,normal,30.47013282775879,23.5,80.5,0.3981042654028436,1758113744.605651
,normal,normal,33.3402156829834,45.8,80.6,0.3990536277602524,1758113745.621522
,stage 2 failure,normal,23.144960403442383,34.9,80.6,0.3984251968503937,1758113746.6311522
,normal,normal,20.956993103027344,24.9,80.5,0.39937106918238996,1758113747.6406798
,normal,suspect,19.388914108276367,23.1,80.5,0.3987441130298273,1758113748.6529531
,normal,suspect,24.570941925048828,23.0,80.5,0.3981191222570533,1758113749.6727302
,inner race failure,suspect,25.671005249023438,23.1,80.6,0.3974960876369327,1758113750.687954
,imminent failure,stage 2 failure,19.902944564819336,23.3,80.6,0.396875,1758113751.697341
,normal,normal,23.6968994140625,26.0,80.6,0.39781591263650545,1758113752.7141938
,normal,normal,20.704030990600586,29.8,80.6,0.3987538940809969,1758113753.7249222
,stage 2 failure,normal,30.170917510986328,30.5,80.5,0.39813374805598756,1758113754.74822
,normal,suspect,26.060104370117188,29.0,80.6,0.39751552795031053,1758113755.759883
,normal,suspect,24.491071701049805,25.3,80.6,0.39689922480620154,1758113756.7675872
,normal,early,20.370006561279297,24.3,80.6,0.39628482972136225,1758113757.7923741
,stage 2 failure,early,20.507097244262695,23.3,80.6,0.3956723338485317,1758113758.806367
,normal,normal,24.264812469482422,23.2,80.5,0.3966049382716049,1758113759.826329
,normal,normal,19.902944564819336,38.4,80.6,0.3975346687211094,1758113760.836035
,normal,normal,15.299081802368164,23.7,80.5,0.3984615384615385,1758113761.844586
,stage 2 failure,normal,26.015043258666992,24.5,80.5,0.3978494623655914,1758113762.8705568
,normal,normal,23.505210876464844,25.1,80.5,0.3987730061349693,1758113763.881105
,normal,normal,17.117977142333984,38.0,80.5,0.3996937212863706,1758113764.8896582
,normal,normal,25.423049926757812,38.3,80.5,0.40061162079510704,1758113765.9102678
,stage 2 failure,normal,21.427154541015625,33.0,80.4,0.4,1758113766.919413
,normal,suspect,21.767854690551758,30.8,80.5,0.39939024390243905,1758113767.9346602
,normal,normal,22.838115692138672,30.7,80.5,0.4003044140030441,1758113768.9491498
,normal,normal,14.173030853271484,23.4,80.5,0.4012158054711246,1758113769.9543328
,stage 2 failure,normal,24.748802185058594,23.3,80.5,0.4006069802731411,1758113770.975531
,normal,rolling element failure,26.376008987426758,22.9,80.5,0.4,1758113771.993113
,normal,normal,16.037940979003906,23.3,80.5,0.4009077155824508,1758113772.998073
,normal,normal,30.82108497619629,28.6,80.5,0.40181268882175225,1758113774.026269
,stage 2 failure,normal,31.20708465576172,30.2,80.5,0.40120663650075417,1758113775.036008
,normal,normal,24.713993072509766,57.5,80.5,0.40210843373493976,1758113776.03836
,normal,normal,18.3868408203125,28.7,80.3,0.4030075187969925,1758113777.046182
,normal,normal,16.57581329345703,26.4,80.4,0.4039039039039039,1758113778.0587862
,stage 2 failure,normal,18.050670623779297,23.5,80.4,0.4032983508245877,1758113779.072795
,normal,normal,23.314952850341797,23.7,80.4,0.4041916167664671,1758113780.0927591
,normal,suspect,23.030996322631836,26.8,80.5,0.40358744394618834,1758113781.1074429
,normal,early,23.196935653686523,25.0,80.5,0.40298507462686567,1758113782.1202939
,stage 2 failure,early,21.542787551879883,24.1,80.5,0.40238450074515647,1758113783.1257422
,normal,normal,19.24920082092285,23.0,80.5,0.40327380952380953,1758113784.1420338
,normal,suspect,20.941972732543945,24.6,80.4,0.4026745913818722,1758113785.158037
,normal,normal,25.667667388916016,24.6,80.5,0.4035608308605341,1758113786.177687
,stage 2 failure,suspect,27.405738830566406,23.9,80.5,0.40296296296296297,1758113787.1916108
,imminent failure,stage 2 failure,23.40388298034668,19.0,80.5,0.40236686390532544,1758113788.199645
,normal,normal,16.527652740478516,18.0,80.5,0.4032496307237814,1758113789.209131
,normal,normal,24.57904815673828,17.7,80.5,0.40412979351032446,1758113790.232645
,stage 2 failure,normal,27.00185775756836,18.3,80.5,0.40353460972017674,1758113791.2435288
,normal,normal,16.92819595336914,16.5,80.6,0.40441176470588236,1758113792.251147
,normal,suspect,15.858173370361328,23.4,81.0,0.40381791483113066,1758113793.263384
,normal,normal,23.370027542114258,28.9,81.8,0.4046920821114369,1758113794.2822049
,stage 2 failure,normal,30.002832412719727,37.2,81.6,0.404099560761347,1758113795.3033018
,imminent failure,rolling element failure,25.278091430664062,33.8,81.5,0.40350877192982454,1758113796.3119092
,normal,suspect,27.84585952758789,26.5,81.5,0.4029197080291971,1758113797.329637
,normal,normal,28.586864471435547,26.3,81.5,0.4037900874635568,1758113798.3429692
,imminent failure,normal,26.3059139251709,25.6,81.5,0.4032023289665211,1758113799.355107
,inner race failure,rolling element failure,30.030012130737305,24.6,81.5,0.40261627906976744,1758113800.373538
,normal,suspect,26.953935623168945,23.7,81.5,0.4020319303338171,1758113801.379509
,normal,early,20.231962203979492,23.1,81.4,0.40144927536231884,1758113802.394358
,stage 2 failure,early,27.66704559326172,24.8,81.4,0.40086830680173663,1758113803.414708
,normal,normal,20.74599266052246,24.8,81.4,0.40173410404624277,1758113804.417407
,normal,normal,28.31292152404785,39.7,81.5,0.4025974025974026,1758113805.450651
,normal,normal,24.031877517700195,50.2,81.3,0.4034582132564842,1758113806.454398
,stage 2 failure,normal,31.074047088623047,23.7,81.3,0.4028776978417266,1758113807.476934
,normal,suspect,16.06917381286621,22.9,81.3,0.40229885057471265,1758113808.4758499
,normal,early,24.674177169799805,23.0,81.3,0.4017216642754663,1758113809.4979022
,normal,early,30.508756637573242,23.2,81.4,0.40114613180515757,1758113810.5192971
,normal,early,22.99189567565918,23.2,81.3,0.4005722460658083,1758113811.5263581
,normal,early,21.745920181274414,23.2,81.3,0.4,1758113812.5365682
,normal,suspect,16.100168228149414,28.6,81.3,0.39942938659058486,1758113813.546992
,normal,suspect,25.574922561645508,30.2,81.3,0.39886039886039887,1758113814.56817
,inner race failure,suspect,26.124000549316406,32.3,81.7,0.39829302987197723,1758113815.583889
,imminent failure,stage 2 failure,20.58696746826172,30.1,81.7,0.3977272727272727,1758113816.5896268
,normal,normal,28.564929962158203,25.8,81.7,0.39858156028368796,1758113817.6108658
,normal,normal,20.40886878967285,24.0,81.7,0.39943342776203966,1758113818.6184902
,stage 2 failure,normal,29.00099754333496,23.0,81.5,0.3988684582743989,1758113819.642241
,normal,suspect,23.319005966186523,37.3,81.2,0.3983050847457627,1758113820.6528199
,normal,normal,23.933887481689453,23.7,81.1,0.3991537376586742,1758113821.669027
,normal,normal,14.589071273803711,23.4,81.1,0.4,1758113822.6718102
,stage 2 failure,normal,19.736766815185547,25.4,81.0,0.39943741209563993,1758113823.691287
,normal,normal,27.508974075317383,29.6,81.0,0.4002808988764045,1758113824.713037
,normal,suspect,16.040802001953125,33.8,81.5,0.3997194950911641,1758113825.709715
,normal,normal,22.921085357666016,24.7,81.2,0.4005602240896359,1758113826.7367392
,stage 2 failure,suspect,17.838001251220703,23.3,81.1,0.4,1758113827.740329
,imminent failure,stage 2 failure,17.960786819458008,28.3,81.2,0.3994413407821229,1758113828.758124
,normal,normal,20.834922790527344,30.7,81.6,0.400278940027894,1758113829.780393
,normal,normal,17.007112503051758,32.9,81.6,0.4011142061281337,1758113830.794548
,stage 2 failure,normal,22.523880004882812,30.8,81.5,0.40055632823365783,1758113831.812733
,normal,normal,17.553091049194336,30.8,81.4,0.4013888888888889,1758113832.826816
,normal,suspect,25.277137756347656,33.5,81.2,0.40083217753120665,1758113833.853796
,normal,normal,29.338836669921875,35.2,81.0,0.40166204986149584,1758113834.876033
,imminent failure,suspect,35.610198974609375,53.9,81.3,0.40110650069156295,1758113835.898329
,imminent failure,stage 2 failure,34.44480895996094,32.1,81.2,0.4005524861878453,1758113836.9233222
,normal,normal,26.798248291015625,25.5,81.2,0.4013793103448276,1758113837.933077
,normal,normal,28.541088104248047,24.3,81.0,0.4022038567493113,1758113838.9534001
,stage 2 failure,normal,34.09314155578613,23.3,81.0,0.4016506189821183,1758113839.978824
,normal,normal,26.64804458618164,23.2,81.1,0.4024725274725275,1758113840.988946
,normal,suspect,29.831886291503906,23.2,81.1,0.401920438957476,1758113842.015866
,normal,normal,26.381969451904297,24.1,81.5,0.40273972602739727,1758113843.029889
,stage 2 failure,normal,35.57419776916504,25.9,81.2,0.4021887824897401,1758113844.0573251
,imminent failure,rolling element failure,22.559165954589844,28.1,79.6,0.4016393442622951,1758113845.064256
,normal,normal,18.5699462890625,23.1,79.6,0.4024556616643929,1758113846.0689778
,normal,normal,27.868032455444336,23.2,79.6,0.4032697547683924,1758113847.097646
,stage 2 failure,normal,31.080961227416992,23.1,79.5,0.40272108843537413,1758113848.11804
,normal,suspect,26.558876037597656,22.9,79.5,0.40217391304347827,1758113849.12749
,normal,suspect,18.48006248474121,23.4,79.6,0.4016282225237449,1758113850.138386
,normal,normal,19.082069396972656,23.0,79.6,0.4024390243902439,1758113851.1550772
,stage 2 failure,normal,24.70111846923828,22.9,79.6,0.401894451962111,1758113852.177821
,imminent failure,rolling element failure,25.139808654785156,23.8,79.7,0.40135135135135136,1758113853.1933298
,normal,normal,16.84093475341797,27.6,79.7,0.40215924426450744,1758113854.204863
,normal,normal,24.296045303344727,40.3,79.6,0.4029649595687331,1758113855.224222
,stage 2 failure,normal,19.883155822753906,31.9,80.0,0.40242261103633914,1758113856.239516
,normal,suspect,31.106948852539062,29.6,79.9,0.4018817204301075,1758113857.267169
,normal,suspect,22.98593521118164,25.4,79.9,0.40134228187919463,1758113858.273459
,normal,early,24.480104446411133,24.9,79.9,0.4008042895442359,1758113859.307533
,stage 2 failure,early,23.242950439453125,24.7,79.9,0.4002677376171352,1758113860.3173409
,normal,normal,22.681713104248047,26.4,80.0,0.40106951871657753,1758113861.33043
,normal,suspect,22.83167839050293,23.2,80.0,0.40053404539385845,1758113862.350881
,normal,normal,29.336929321289062,26.5,80.1,0.4013333333333333,1758113863.3792021
,stage 2 failure,suspect,16.73126220703125,22.5,80.1,0.4007989347536618,1758113864.384902
,imminent failure,stage 2 failure,61.575889587402344,33.2,80.3,0.4002659574468085,1758113865.470568
,normal,imminent failure,24.08909797668457,47.0,80.1,0.399734395750332,1758113866.436404
,normal,suspect,25.66385269165039,24.6,80.2,0.39920424403183025,1758113867.4528599
,imminent failure,suspect,19.431114196777344,23.2,80.2,0.39867549668874175,1758113868.464098
,imminent failure,stage 2 failure,28.390884399414062,23.1,80.2,0.39814814814814814,1758113869.484751
,normal,normal,34.2249870300293,23.0,80.3,0.3989431968295905,1758113870.5071669
,normal,normal,28.11717987060547,23.3,80.1,0.3997361477572559,1758113871.517188
,stage 2 failure,normal,26.54719352722168,23.0,80.1,0.39920948616600793,1758113872.531462
,normal,normal,28.420209884643555,24.2,80.2,0.4,1758113873.555097
,normal,normal,33.236026763916016,26.6,80.2,0.4007884362680683,1758113874.579351
,normal,normal,26.45397186279297,30.4,80.2,0.4015748031496063,1758113875.588871
,stage 2 failure,normal,31.909942626953125,28.3,80.2,0.40104849279161203,1758113876.616359
,normal,normal,31.77499771118164,28.7,80.3,0.4018324607329843,1758113877.637929
,normal,suspect,28.540849685668945,26.0,80.3,0.4013071895424837,1758113878.651084
,normal,normal,22.539854049682617,24.5,80.2,0.402088772845953,1758113879.6664991
,imminent failure,normal,29.32596206665039,36.9,80.4,0.4015645371577575,1758113880.690968
,imminent failure,rolling element failure,18.364906311035156,24.0,80.3,0.4010416666666667,1758113881.7036102
,normal,normal,22.942066192626953,23.1,80.3,0.40182054616384916,1758113882.726807
,normal,normal,28.489112854003906,25.5,80.3,0.4025974025974026,1758113883.746855
,stage 2 failure,normal,22.431135177612305,28.1,80.6,0.40207522697795073,1758113884.7506208
,normal,suspect,29.987096786499023,26.0,81.0,0.4015544041450777,1758113885.776225
,normal,suspect,27.1909236907959,19.4,80.8,0.40103492884864167,1758113886.7935581
,normal,suspect,23.42700958251953,18.4,80.7,0.4005167958656331,1758113887.810548
,imminent failure,suspect,28.1221866607666,18.9,80.6,0.4,1758113888.83268
,imminent failure,stage 2 failure,19.483327865600586,18.1,80.6,0.39948453608247425,1758113889.844439
,imminent failure,suspect,19.187211990356445,17.2,80.7,0.398970398970399,1758113890.855366
,normal,early,32.67192840576172,20.4,80.7,0.39845758354755784,1758113891.893215
,stage 2 failure,early,21.94809913635254,21.6,80.7,0.3979460847240051,1758113892.903095
,normal,early,16.933202743530273,25.0,80.7,0.3974358974358974,1758113893.9142861
,normal,normal,21.702289581298828,29.6,80.7,0.39820742637644047,1758113894.935005
,normal,normal,31.888246536254883,52.2,80.8,0.3989769820971867,1758113895.965389
,stage 2 failure,normal,31.089067459106445,31.8,80.8,0.39846743295019155,1758113896.985683
,normal,normal,21.9419002532959,28.0,80.8,0.399234693877551,1758113897.9859111
,normal,early,22.613048553466797,25.2,80.7,0.39872611464968155,1758113899.006573
,normal,early,22.769927978515625,24.3,80.8,0.3982188295165394,1758113900.020185
,normal,early,24.475812911987305,23.6,80.8,0.397712833545108,1758113901.0302851
,normal,early,26.35788917541504,22.7,80.8,0.39720812182741116,1758113902.054844
,normal,normal,30.0600528717041,22.9,80.7,0.3979721166032953,1758113903.075659
,normal,normal,31.080961227416992,24.1,80.7,0.3987341772151899,1758113904.096951
,stage 2 failure,normal,18.335819244384766,27.6,80.7,0.39823008849557523,1758113905.1060119
,normal,suspect,31.113147735595703,24.5,80.7,0.3977272727272727,1758113906.137301
,imminent failure,suspect,34.99603271484375,23.1,80.6,0.39722572509457754,1758113907.156151
,normal,normal,23.77009391784668,22.9,80.6,0.3979848866498741,1758113908.163112
,stage 2 failure,normal,21.317005157470703,23.5,80.6,0.39748427672955977,1758113909.182514
,inner race failure,rolling element failure,24.733781814575195,23.3,80.7,0.3969849246231156,1758113910.2056909
,normal,normal,29.81114387512207,24.9,80.8,0.397741530740276,1758113911.228978
,normal,normal,26.68309211730957,23.6,80.7,0.39849624060150374,1758113912.237417
,stage 2 failure,normal,17.142057418823242,25.1,80.7,0.3979974968710889,1758113913.2395751
,normal,suspect,32.58085250854492,26.6,80.7,0.3975,1758113914.274913
,normal,normal,23.215055465698242,38.0,80.8,0.3982521847690387,1758113915.282206
,normal,normal,26.68309211730957,33.6,80.9,0.39900249376558605,1758113916.304064
,stage 2 failure,normal,19.987106323242188,27.6,80.7,0.398505603985056,1758113917.311372
,normal,normal,26.15189552307129,28.9,80.7,0.39925373134328357,1758113918.335335
,normal,suspect,17.465829849243164,25.8,80.7,0.3987577639751553,1758113919.343471
,normal,normal,16.35289192199707,29.0,80.8,0.39950372208436724,1758113920.361462
,stage 2 failure,normal,22.33600616455078,26.5,80.6,0.3990086741016109,1758113921.380193
,normal,rolling element failure,25.32792091369629,24.3,80.6,0.39851485148514854,1758113922.396908
,normal,suspect,26.440858840942383,24.6,80.6,0.3980222496909765,1758113923.410335
,normal,normal,26.23915672302246,23.4,80.6,0.3987654320987654,1758113924.428818
,stage 2 failure,suspect,19.181013107299805,28.4,80.8,0.39827373612823674,1758113925.444387
,imminent failure,stage 2 failure,25.349855422973633,38.7,80.6,0.3977832512315271,1758113926.448065
,normal,normal,27.9691219329834,25.2,80.6,0.3985239852398524,1758113927.463685
,normal,normal,24.912118911743164,23.3,80.6,0.39926289926289926,1758113928.478584
,stage 2 failure,normal,22.93992042541504,26.1,80.6,0.3987730061349693,1758113929.4888792
,normal,normal,22.754907608032227,26.4,80.7,0.39950980392156865,1758113930.501784
,normal,suspect,27.089834213256836,23.1,80.7,0.3990208078335373,1758113931.520562
,normal,early,24.348974227905273,24.1,80.6,0.39853300733496333,1758113932.53328
,stage 2 failure,early,25.17986297607422,25.8,80.7,0.398046398046398,1758113933.5469692
,normal,normal,30.633926391601562,26.0,80.7,0.39878048780487807,1758113934.5634298
,normal,suspect,31.50486946105957,28.8,80.7,0.3982947624847747,1758113935.578629
,normal,normal,21.42500877380371,32.7,80.6,0.39902676399026765,1758113936.58162
,stage 2 failure,suspect,24.977922439575195,32.9,80.7,0.3985419198055893,1758113937.5990222
,imminent failure,stage 2 failure,19.749879837036133,27.9,80.6,0.39805825242718446,1758113938.608638
,normal,early,15.05589485168457,25.4,80.6,0.3975757575757576,1758113939.619786
,normal,early,25.47287940979004,42.1,80.8,0.39709443099273606,1758113940.6499782
,normal,early,27.559757232666016,37.2,80.7,0.3966142684401451,1758113941.664385
,normal,early,23.328065872192383,23.5,80.7,0.3961352657004831,1758113942.674099
,normal,normal,27.202129364013672,25.3,80.6,0.3968636911942099,1758113943.691684
,normal,normal,14.260053634643555,30.6,80.6,0.39759036144578314,1758113944.689882
,stage 2 failure,normal,21.003007888793945,34.2,80.8,0.3971119133574007,1758113945.71204
,normal,suspect,22.31001853942871,24.4,80.8,0.39663461538461536,1758113946.725896
,normal,suspect,26.276826858520508,25.9,80.6,0.39615846338535415,1758113947.745012
,normal,early,29.973983764648438,27.0,80.7,0.39568345323741005,1758113948.765772
,stage 2 failure,early,30.628204345703125,29.4,80.6,0.39520958083832336,1758113949.778055
,normal,normal,13.746023178100586,24.1,80.7,0.39593301435406697,1758113950.7740622
,normal,suspect,27.238130569458008,23.4,80.6,0.3954599761051374,1758113951.802784
,normal,early,15.637874603271484,23.1,80.6,0.39498806682577564,1758113952.804737
,stage 2 failure,early,24.71303939819336,23.9,80.6,0.39451728247914186,1758113953.8287182
,normal,early,24.862289428710938,25.1,80.4,0.39404761904761904,1758113954.84181
,normal,normal,14.689207077026367,41.8,80.6,0.3947681331747919,1758113955.847764
,normal,normal,22.44400978088379,29.9,80.6,0.39548693586698336,1758113956.869786
,stage 2 failure,normal,30.55405616760254,32.3,80.6,0.39501779359430605,1758113957.892023
,normal,suspect,16.17288589477539,26.0,80.6,0.39454976303317535,1758113958.8956811
,normal,suspect,15.735864639282227,25.6,80.6,0.3940828402366864,1758113959.902014
,normal,early,22.32980728149414,23.9,80.7,0.39361702127659576,1758113960.93639
,stage 2 failure,early,22.91107177734375,23.4,80.6,0.39315230224321135,1758113961.950315
,normal,normal,26.193857192993164,23.4,80.6,0.3938679245283019,1758113962.9684532
,normal,normal,24.097681045532227,25.0,80.6,0.3945818610129564,1758113963.982199
,normal,normal,23.398160934448242,26.4,80.8,0.3952941176470588,1758113964.9927459
,stage 2 failure,normal,26.380062103271484,26.7,80.9,0.39482961222091656,1758113966.0098
,normal,normal,23.270845413208008,25.0,80.7,0.3955399061032864,1758113967.0214531
,normal,normal,28.592824935913086,27.2,80.7,0.3962485345838218,1758113968.041086
,normal,normal,25.20012855529785,27.5,80.7,0.39695550351288056,1758113969.054204
,stage 2 failure,normal,30.74789047241211,25.2,80.7,0.39649122807017545,1758113970.0709891
,normal,normal,17.285823822021484,24.3,80.7,0.397196261682243,1758113971.068196
,normal,suspect,27.9541015625,34.8,80.7,0.396732788798133,1758113972.094244
,normal,early,15.702962875366211,25.1,80.5,0.3962703962703963,1758113973.095297
,stage 2 failure,early,23.00405502319336,28.9,80.6,0.3958090803259604,1758113974.1175559
,normal,normal,18.17917823791504,36.2,80.5,0.39651162790697675,1758113975.129729
,normal,normal,26.782751083374023,31.7,80.6,0.397212543554007,1758113976.14929
,normal,normal,23.324966430664062,51.6,80.6,0.39791183294663574,1758113977.158462
,stage 2 failure,normal,29.525041580200195,37.5,80.6,0.39745075318655854,1758113978.176367
,normal,suspect,24.991989135742188,30.7,80.5,0.39699074074074076,1758113979.185282
,normal,suspect,20.079851150512695,26.8,80.5,0.3965317919075145,1758113980.188448
,normal,early,26.192903518676758,22.7,80.5,0.3960739030023095,1758113981.2057989
,stage 2 failure,early,23.916006088256836,18.6,80.5,0.3956170703575548,1758113982.217217
,normal,early,25.220870971679688,18.7,80.5,0.3951612903225806,1758113983.22982
,normal,normal,17.54307746887207,18.5,80.5,0.3958573072497123,1758113984.240555
,normal,normal,23.433208465576172,18.8,80.5,0.39655172413793105,1758113985.2618182
,stage 2 failure,normal,25.664091110229492,18.3,80.5,0.3960964408725603,1758113986.2812831
,normal,suspect,20.50304412841797,18.3,80.5,0.3956422018348624,1758113987.289066
,normal,early,27.786970138549805,20.2,80.8,0.3951890034364261,1758113988.3114429
,normal,early,28.729677200317383,22.6,80.9,0.39473684210526316,1758113989.3287098
,normal,early,28.62834930419922,23.3,80.9,0.3942857142857143,1758113990.336243
,normal,early,19.551992416381836,24.7,81.0,0.3938356164383562,1758113991.34199
,normal,suspect,22.196054458618164,23.7,81.0,0.3933865450399088,1758113992.358125
,normal,normal,24.868011474609375,23.7,80.9,0.3940774487471526,1758113993.371348
,imminent failure,suspect,20.029067993164062,22.8,81.0,0.39362912400455063,1758113994.3809369
,imminent failure,stage 2 failure,23.083925247192383,24.4,80.8,0.3931818181818182,1758113995.3957708
,normal,normal,16.9069766998291,24.9,80.9,0.3938706015891033,1758113996.4012558
,normal,normal,19.795894622802734,31.0,80.8,0.3945578231292517,1758113997.419602
,stage 2 failure,normal,29.5259952545166,28.6,80.8,0.3941109852774632,1758113998.442614
,normal,normal,23.57029914855957,27.9,80.8,0.3947963800904977,1758113999.449846
,normal,suspect,23.07724952697754,25.4,80.8,0.3943502824858757,1758114000.461913
,normal,normal,29.513120651245117,26.4,80.8,0.39503386004514673,1758114001.483861
,stage 2 failure,suspect,16.67499542236328,25.1,80.8,0.3945885005636979,1758114002.4866629
,imminent failure,stage 2 failure,16.44301414489746,27.1,80.8,0.39414414414414417,1758114003.498694
,normal,suspect,23.673057556152344,28.2,80.8,0.3937007874015748,1758114004.519277
,normal,early,25.496959686279297,36.3,80.7,0.39325842696629215,1758114005.535179
,stage 2 failure,early,24.597644805908203,26.2,80.8,0.39281705948372614,1758114006.550514
,normal,normal,22.89581298828125,22.9,80.8,0.39349775784753366,1758114007.55893
,imminent failure,suspect,29.812097549438477,25.0,80.8,0.393057110862262,1758114008.574987
,normal,normal,21.59261703491211,25.6,80.8,0.39373601789709173,1758114009.580472
,stage 2 failure,normal,20.463228225708008,24.9,80.8,0.39329608938547483,1758114010.5932958
,imminent failure,rolling element failure,29.269695281982422,24.7,80.8,0.39285714285714285,1758114011.613048
,normal,normal,13.917922973632812,22.5,80.8,0.3935340022296544,1758114012.609737
,normal,normal,24.065017700195312,24.5,80.8,0.39420935412026725,1758114013.630404
,stage 2 failure,normal,23.312091827392578,26.6,80.8,0.39377085650723026,1758114014.640136
,normal,suspect,16.242027282714844,26.3,80.8,0.3933333333333333,1758114015.6468859
,normal,suspect,27.399063110351562,33.8,80.9,0.39289678135405104,1758114016.6729841
,normal,normal,28.93209457397461,31.9,81.0,0.39356984478935697,1758114017.6850932
,stage 2 failure,normal,29.64305877685547,36.1,81.0,0.39313399778516056,1758114018.7014148
,normal,rolling element failure,27.50396728515625,53.9,81.0,0.3926991150442478,1758114019.712663
,normal,normal,26.790142059326172,43.1,80.9,0.39337016574585637,1758114020.723604
,normal,normal,25.36606788635254,25.3,80.9,0.39403973509933776,1758114021.736398
,stage 2 failure,normal,20.25914192199707,27.5,80.9,0.3936052921719956,1758114022.745425
,normal,normal,30.361175537109375,25.5,80.9,0.394273127753304,1758114023.770216
,normal,normal,23.331165313720703,26.6,80.8,0.3949394939493949,1758114024.7753348
,normal,normal,19.33121681213379,26.2,80.8,0.3956043956043956,1758114025.788734
,stage 2 failure,normal,23.540019989013672,46.9,80.9,0.3951701427003293,1758114026.808296
,normal,suspect,20.31087875366211,39.0,80.8,0.39473684210526316,1758114027.820703
,normal,early,31.958818435668945,52.0,80.8,0.39430449069003287,1758114028.846817
,normal,early,17.496824264526367,26.1,80.8,0.3938730853391685,1758114029.846077
,normal,early,28.10811996459961,28.7,80.9,0.39344262295081966,1758114030.86933
,normal,early,27.113914489746094,25.0,80.8,0.3930131004366812,1758114031.882547
,normal,normal,16.861915588378906,24.5,80.8,0.3936750272628135,1758114032.88032
,normal,normal,24.97720718383789,27.6,80.9,0.39433551198257083,1758114033.903137
,stage 2 failure,normal,25.1920223236084,33.1,80.8,0.3939064200217628,1758114034.9126542
,normal,normal,23.008108139038086,32.3,80.9,0.39456521739130435,1758114035.92549
,imminent failure,suspect,26.185989379882812,31.8,80.9,0.3941368078175896,1758114036.93733
,normal,early,27.80604362487793,33.6,80.8,0.39370932754880694,1758114037.9548538
,stage 2 failure,early,29.350757598876953,30.0,80.8,0.39328277356446373,1758114038.9699981
,normal,early,19.621849060058594,30.4,80.8,0.39285714285714285,1758114039.971284
,normal,suspect,28.57518196105957,30.1,80.8,0.3924324324324324,1758114040.995787
,normal,suspect,24.718761444091797,31.2,80.7,0.39200863930885527,1758114042.009582
,imminent failure,suspect,20.708799362182617,27.3,80.8,0.39158576051779936,1758114043.0167732
,imminent failure,stage 2 failure,16.54195785522461,30.0,80.8,0.3911637931034483,1758114044.025913
,normal,normal,16.777992248535156,28.9,80.8,0.39181916038751347,1758114045.037556
,normal,normal,29.191017150878906,59.3,62.0,0.3924731182795699,1758114046.110948
,stage 2 failure,normal,25.97784996032715,44.4,62.2,0.3920515574650913,1758114047.083296
,normal,suspect,15.561103820800781,48.9,62.3,0.3916309012875536,1758114048.075896
,normal,suspect,20.820140838623047,31.0,62.3,0.3912111468381565,1758114049.094301
,normal,normal,29.017925262451172,29.0,62.3,0.39186295503211993,1758114050.1168299
,stage 2 failure,normal,19.360065460205078,24.8,62.3,0.39144385026737966,1758114051.1212192
,stage 2 failure,rolling element failure,20.97487449645996,28.4,62.3,0.391025641025641,1758114052.13118
,normal,normal,18.39613914489746,26.4,62.4,0.39167556029882605,1758114053.13946
,normal,normal,24.19900894165039,24.3,62.4,0.39232409381663114,1758114054.163977
,stage 2 failure,normal,16.23988151550293,23.9,62.4,0.3919062832800852,1758114055.1675892
,normal,normal,26.59773826599121,24.9,62.3,0.3925531914893617,1758114056.190518
,normal,suspect,28.217077255249023,28.0,62.4,0.39213602550478216,1758114057.209143
,normal,normal,26.018142700195312,27.8,62.3,0.39278131634819535,1758114058.219359
,stage 2 failure,normal,24.013280868530273,28.4,62.3,0.39236479321314954,1758114059.230644
,inner race failure,rolling element failure,24.651050567626953,26.9,62.4,0.3919491525423729,1758114060.2458959
,normal,suspect,27.13799476623535,52.3,62.4,0.3915343915343915,1758114061.258141
,normal,normal,17.39788055419922,28.8,62.5,0.39217758985200846,1758114062.27663
,stage 2 failure,normal,22.70984649658203,25.1,62.6,0.3917634635691658,1758114063.298452
,normal,normal,27.314186096191406,28.4,62.6,0.3924050632911392,1758114064.319254
,normal,normal,26.10611915588379,36.0,62.5,0.39304531085353,1758114065.335001
,normal,normal,15.983104705810547,27.4,62.9,0.3936842105263158,1758114066.3386939
,stage 2 failure,normal,26.535987854003906,24.1,62.9,0.3932702418506835,1758114067.367156
,normal,normal,13.797760009765625,24.1,62.8,0.3939075630252101,1758114068.367927
,normal,imminent failure,20.264148712158203,23.2,62.8,0.3934942287513116,1758114069.3888059
,normal,suspect,16.753196716308594,23.9,62.8,0.39308176100628933,1758114070.3996842
,imminent failure,suspect,24.49202537536621,23.8,62.7,0.39267015706806285,1758114071.420193
,imminent failure,stage 2 failure,24.595022201538086,25.1,62.7,0.3922594142259414,1758114072.43648
,imminent failure,imminent failure,15.67220687866211,24.3,62.8,0.3928944618599791,1758114073.440613
,imminent failure,imminent failure,15.791893005371094,24.7,62.8,0.3935281837160752,1758114074.453561
,inner race failure,inner race failure,18.94998550415039,26.0,62.8,0.39416058394160586,1758114075.4664938
,imminent failure,stage 2 failure,20.769119262695312,24.0,62.8,0.39375,1758114076.480883
,normal,normal,24.753332138061523,24.2,62.8,0.39438085327783556,1758114077.498032
,normal,normal,24.058818817138672,39.2,63.5,0.39501039501039503,1758114078.5090141
,stage 2 failure,normal,24.572134017944336,23.7,63.8,0.39460020768431986,1758114079.522976
,normal,suspect,24.467945098876953,32.0,63.8,0.3941908713692946,1758114080.531976
,normal,suspect,24.531126022338867,26.7,63.9,0.39378238341968913,1758114081.548772
,normal,normal,15.546798706054688,25.6,63.9,0.3944099378881988,1758114082.5524979
,imminent failure,suspect,15.291929244995117,24.1,63.9,0.3940020682523268,1758114083.567285
,imminent failure,stage 2 failure,20.9658145904541,24.6,63.9,0.39359504132231404,1758114084.587175
,normal,suspect,30.230998992919922,30.6,63.9,0.3931888544891641,1758114085.613951
,normal,early,22.995948791503906,24.7,63.8,0.39278350515463917,1758114086.619561
,stage 2 failure,early,21.44169807434082,24.7,63.8,0.39237899073120497,1758114087.637246
,normal,normal,20.91503143310547,25.0,63.8,0.39300411522633744,1758114088.6497421
,normal,early,25.495052337646484,33.4,70.3,0.3926002055498458,1758114101.575466
,normal,early,21.691083908081055,23.7,70.2,0.3921971252566735,1758114102.595617
,normal,early,24.418115615844727,23.5,70.2,0.39179487179487177,1758114103.613319
,normal,early,28.681039810180664,23.7,70.2,0.39139344262295084,1758114104.6313322
,normal,normal,14.903783798217773,24.1,70.1,0.39201637666325484,1758114105.627309
,normal,normal,20.917892456054688,24.5,70.1,0.39263803680981596,1758114106.645993
,stage 2 failure,normal,15.555143356323242,22.9,70.1,0.3922369765066394,1758114107.653246
,normal,suspect,28.83291244506836,23.5,70.1,0.39183673469387753,1758114108.678143
,normal,normal,25.938034057617188,23.4,70.2,0.3924566768603466,1758114109.687265
,normal,normal,23.45895767211914,24.9,70.2,0.39307535641547864,1758114110.698081
,stage 2 failure,normal,20.86496353149414,28.3,70.1,0.392675483214649,1758114111.708163
,normal,suspect,27.89783477783203,29.7,70.1,0.39227642276422764,1758114112.728333
,imminent failure,suspect,20.179033279418945,28.6,70.1,0.3918781725888325,1758114113.734865
,normal,normal,24.7039794921875,25.8,70.0,0.3924949290060852,1758114114.7494888
,imminent failure,suspect,28.311729431152344,26.9,70.0,0.39209726443769,1758114115.765675
,imminent failure,rolling element failure,21.04806900024414,24.8,70.0,0.3917004048582996,1758114116.765976
,normal,normal,15.281200408935547,22.9,70.0,0.3923154701718908,1758114117.772367
,normal,normal,23.181915283203125,25.2,70.1,0.3929292929292929,1758114118.794313
,stage 2 failure,normal,24.971961975097656,26.0,70.0,0.39253279515640765,1758114119.805888
,normal,suspect,17.934799194335938,22.6,70.1,0.39213709677419356,1758114120.8115141
,normal,normal,22.74298667907715,23.4,70.1,0.39274924471299094,1758114121.832493
,normal,normal,15.140771865844727,22.6,70.1,0.3933601609657948,1758114122.834236
,stage 2 failure,normal,28.68199348449707,25.3,70.1,0.392964824120603,1758114123.8599622
,normal,normal,24.709701538085938,32.5,70.0,0.39357429718875503,1758114124.862689
,normal,suspect,14.686822891235352,30.6,70.3,0.39317953861584753,1758114125.866612
,normal,normal,25.733232498168945,22.5,70.2,0.3937875751503006,1758114126.888789
,stage 2 failure,normal,20.325899124145508,22.8,70.2,0.3933933933933934,1758114127.896409
,normal,rolling element failure,29.849767684936523,25.6,70.2,0.393,1758114128.918487
,normal,suspect,21.170854568481445,29.5,70.2,0.3926073926073926,1758114129.918518
,normal,normal,25.27904510498047,29.0,70.2,0.3932135728542914,1758114130.934567
,imminent failure,suspect,25.35414695739746,29.6,70.1,0.39282153539381853,1758114131.946177
,imminent failure,stage 2 failure,28.213977813720703,27.5,70.1,0.39243027888446214,1758114132.961749
,normal,suspect,18.944978713989258,26.1,70.1,0.3920398009950249,1758114133.963766
,normal,early,28.294086456298828,25.4,69.9,0.39165009940357853,1758114134.985567
,stage 2 failure,early,20.942211151123047,24.6,69.9,0.3912611717974181,1758114135.992865
,normal,normal,16.115903854370117,22.6,69.9,0.39186507936507936,1758114136.999645
,normal,normal,28.443098068237305,25.1,70.0,0.3924677898909812,1758114138.022917
,normal,normal,17.204999923706055,22.9,70.0,0.3930693069306931,1758114139.025242
,stage 2 failure,normal,27.50110626220703,22.4,70.0,0.3926805143422354,1758114140.048377
,normal,suspect,15.496969223022461,22.7,70.0,0.3922924901185771,1758114141.046711
,normal,early,29.46305274963379,22.8,70.0,0.39190523198420535,1758114142.0742998
,normal,early,23.889780044555664,22.7,70.0,0.3915187376725838,1758114143.079651
,normal,early,19.006013870239258,24.4,70.1,0.39113300492610836,1758114144.0906491
,normal,early,28.712987899780273,25.9,70.0,0.390748031496063,1758114145.110177
,normal,suspect,16.77989959716797,22.9,70.0,0.39036381514257623,1758114146.107732
,normal,early,28.455734252929688,22.9,70.0,0.3899803536345776,1758114147.133419
,stage 2 failure,early,26.359081268310547,23.5,70.0,0.38959764474975467,1758114148.1421509
,normal,early,17.86065101623535,25.2,70.0,0.3892156862745098,1758114149.148448
